timestamp,ch,can_id,type,dlc,data_hex
2026-07-05 16:43:03.441,CAN1,003,FD,10,73 09 00 5B BC BB 55 3E B4 BF 00 00 30 EA 65 01
2026-07-05 16:43:03.665,CAN1,003,FD,10,73 09 00 5C BC BB 55 3E C9 BF 00 00 30 6B 65 01
2026-07-05 16:43:03.891,CAN1,003,FD,10,73 09 00 5D BC BB 55 3E CA BF 00 00 30 25 65 01
2026-07-05 16:43:04.115,CAN1,003,FD,10,73 09 00 5E BC BB 55 3E CD BF 00 00 30 74 65 01
2026-07-05 16:43:04.340,CAN1,003,FD,10,73 09 00 5F BC BB 55 3E C2 BF 00 00 30 1B 65 01
2026-07-05 16:43:04.564,CAN1,003,FD,10,73 09 00 60 BC BB 55 3E A3 BF 00 00 30 C7 65 01
2026-07-05 16:43:04.788,CAN1,003,FD,10,73 09 00 61 BC BB 55 3E 9C BF 00 00 30 2C 65 01
2026-07-05 16:43:05.014,CAN1,003,FD,10,73 09 00 62 BC BB 55 3E 92 BF 00 00 30 8E 65 01
2026-07-05 16:43:05.238,CAN1,003,FD,10,73 09 00 63 BC BB 55 3E 92 BF 00 00 30 8E 65 01
2026-07-05 16:43:17.903,CAN1,003,FD,10,73 09 00 64 BC BB 55 3E 92 BF 00 00 30 8E 65 01
2026-07-05 16:43:17.903,CAN1,003,FD,10,73 09 00 65 BC BB 55 3E AA BF 00 00 30 34 65 01
2026-07-05 16:43:17.904,CAN1,003,FD,10,73 09 00 66 BC BB 55 3E 8B BF 00 00 30 01 65 01
2026-07-05 16:43:17.906,CAN1,003,FD,10,73 09 00 67 BC BB 55 3E 8D BF 00 00 30 9D 65 00
2026-07-05 16:43:17.907,CAN1,003,FD,10,73 09 00 68 BC BB 55 3E 9A BF 00 00 30 B0 65 01
2026-07-05 16:43:17.907,CAN1,003,FD,10,73 09 00 69 BC BB 55 3E 8C BF 00 00 30 50 65 01
2026-07-05 16:43:18.046,CAN1,003,FD,10,73 09 00 6A BC BB 55 3E 9E BF 00 00 30 AF 65 01
2026-07-05 16:43:18.272,CAN1,003,FD,10,73 09 00 6B BC BB 55 3E A9 BF 00 00 30 7A 65 01
2026-07-05 16:43:18.497,CAN1,003,FD,10,73 09 00 6C BC BB 55 3E A1 BF 00 00 30 44 65 01
2026-07-05 16:43:18.721,CAN1,003,FD,10,73 09 00 6D BC BB 55 3E 93 BF 00 00 30 43 65 01
2026-07-05 16:43:18.945,CAN1,003,FD,10,73 09 00 6E BC BB 55 3E 8F BF 00 00 30 1E 65 01
2026-07-05 16:43:19.171,CAN1,003,FD,10,73 09 00 6F BC BB 55 3E AA BF 00 00 30 34 65 01
2026-07-05 16:43:19.395,CAN1,003,FD,10,73 09 00 70 BC BB 55 3E 8C BF 00 00 30 50 65 01
2026-07-05 16:43:19.621,CAN1,003,FD,10,73 09 00 71 BC BB 55 3E 93 BF 00 00 30 43 65 01
2026-07-05 16:43:19.844,CAN1,003,FD,10,73 09 00 72 BC BB 55 3E 98 BF 00 00 30 33 65 01
2026-07-05 16:43:20.070,CAN1,003,FD,10,73 09 00 73 BC BB 55 3E 8E BF 00 00 30 D3 65 01
2026-07-05 16:43:20.295,CAN1,003,FD,10,73 09 00 74 BC BB 55 3E B1 BF 00 00 30 38 65 01
2026-07-05 16:43:20.520,CAN1,003,FD,10,73 09 00 75 BC BB 55 3E B5 BF 00 00 30 27 65 01
2026-07-05 16:43:20.744,CAN1,003,FD,10,73 09 00 76 BC BB 55 3E C6 BF 00 00 30 04 65 01
2026-07-05 16:43:20.968,CAN1,003,FD,10,73 09 00 77 BC BB 55 3E C9 BF 00 00 30 6B 65 01
2026-07-05 16:43:21.194,CAN1,003,FD,10,73 09 00 78 BC BB 55 3E B3 BF 00 00 30 BB 65 01
2026-07-05 16:43:21.417,CAN1,003,FD,10,73 09 00 79 BC BB 55 3E A9 BF 00 00 30 7A 65 01
2026-07-05 16:43:21.643,CAN1,003,FD,10,73 09 00 7A BC BB 55 3E CF BF 00 00 30 F7 65 01
2026-07-05 16:43:21.866,CAN1,003,FD,10,73 09 00 7B BC BB 55 3E BB BF 00 00 30 85 65 01
2026-07-05 16:43:22.093,CAN1,003,FD,10,73 09 00 7C BC BB 55 3E B3 BF 00 00 30 BB 65 01
2026-07-05 16:43:22.317,CAN1,003,FD,10,73 09 00 7D BC BB 55 3E AC BF 00 00 30 A8 65 01
2026-07-05 16:43:22.542,CAN1,003,FD,10,73 09 00 7E BC BB 55 3E B7 BF 00 00 30 A4 65 01
2026-07-05 16:43:22.766,CAN1,003,FD,10,73 09 00 7F BC BB 55 3E 8C BF 00 00 30 50 65 01
2026-07-05 16:43:22.992,CAN1,003,FD,10,73 09 00 80 BC BB 55 3E 8C BF 00 00 30 50 65 01
2026-07-05 16:43:23.216,CAN1,003,FD,10,73 09 00 81 BC BB 55 3E 8C BF 00 00 30 50 65 01
2026-07-05 16:43:23.441,CAN1,003,FD,10,73 09 00 82 BC BB 55 3E 99 BF 00 00 30 FE 65 01
2026-07-05 16:43:23.665,CAN1,003,FD,10,73 09 00 83 BC BB 55 3E 93 BF 00 00 30 43 65 01
2026-07-05 16:43:23.891,CAN1,003,FD,10,73 09 00 84 BC BB 55 3E 9B BF 00 00 30 7D 65 01
2026-07-05 16:43:24.115,CAN1,003,FD,10,73 09 00 85 BC BB 55 3E 9C BF 00 00 30 2C 65 01
2026-07-05 16:43:24.340,CAN1,003,FD,10,73 09 00 86 BC BB 55 3E B0 BF 00 00 30 F5 65 01
2026-07-05 16:43:24.564,CAN1,003,FD,10,73 09 00 87 BC BB 55 3E 9C BF 00 00 30 2C 65 01
2026-07-05 16:43:24.788,CAN1,003,FD,10,73 09 00 88 BC BB 55 3E 92 BF 00 00 30 8E 65 01
2026-07-05 16:43:25.014,CAN1,003,FD,10,73 09 00 89 BC BB 55 3E 9E BF 00 00 30 AF 65 01
2026-07-05 16:43:25.238,CAN1,003,FD,10,73 09 00 8A BC BB 55 3E 9C BF 00 00 30 2C 65 01
2026-07-05 16:43:25.463,CAN1,003,FD,10,73 09 00 8B BC BB 55 3E 80 BF 00 00 30 71 65 01
2026-07-05 16:43:25.687,CAN1,003,FD,10,73 09 00 8C BC BB 55 3E 8C BF 00 00 30 50 65 01
2026-07-05 16:43:25.913,CAN1,003,FD,10,73 09 00 8D BC BB 55 3E B1 BF 00 00 30 38 65 01
2026-07-05 16:43:26.137,CAN1,003,FD,10,73 09 00 8E BC BB 55 3E C4 BF 00 00 30 87 65 01
2026-07-05 16:43:26.362,CAN1,003,FD,10,73 09 00 8F BC BB 55 3E B5 BF 00 00 30 27 65 01
2026-07-05 16:43:26.586,CAN1,003,FD,10,73 09 00 90 BC BB 55 3E B5 BF 00 00 30 27 65 01
2026-07-05 16:43:26.812,CAN1,003,FD,10,73 09 00 91 BC BB 55 3E B7 BF 00 00 30 A4 65 01
2026-07-05 16:43:27.035,CAN1,003,FD,10,73 09 00 92 BC BB 55 3E CD BF 00 00 30 74 65 01
2026-07-05 16:43:27.261,CAN1,003,FD,10,73 09 00 93 BC BB 55 3E E5 BF 00 00 30 B2 65 01
2026-07-05 16:43:27.485,CAN1,003,FD,10,73 09 00 94 BC BB 55 3E D0 BF 00 00 30 E4 65 01
2026-07-05 16:43:27.711,CAN1,003,FD,10,73 09 00 95 BC BB 55 3E 9A BF 00 00 30 B0 65 01
2026-07-05 16:43:27.935,CAN1,003,FD,10,73 09 00 96 BC BB 55 3E AA BF 00 00 30 34 65 01
2026-07-05 16:43:28.160,CAN1,003,FD,10,73 09 00 97 BC BB 55 3E 95 BF 00 00 30 DF 65 01
2026-07-05 16:43:28.384,CAN1,003,FD,10,73 09 00 98 BC BB 55 3E 9C BF 00 00 30 2C 65 01
2026-07-05 16:43:28.610,CAN1,003,FD,10,73 09 00 99 BC BB 55 3E 8E BF 00 00 30 D3 65 01
2026-07-05 16:43:28.834,CAN1,003,FD,10,73 09 00 9A BC BB 55 3E 8C BF 00 00 30 50 65 01
2026-07-05 16:43:29.058,CAN1,003,FD,10,73 09 00 9B BC BB 55 3E 8B BF 00 00 30 01 65 01
2026-07-05 16:43:29.283,CAN1,003,FD,10,73 09 00 9C BC BB 55 3E 8D BF 00 00 30 9D 65 01
2026-07-05 16:43:29.508,CAN1,003,FD,10,73 09 00 9D BC BB 55 3E 90 BF 00 00 30 0D 65 01
2026-07-05 16:43:29.733,CAN1,003,FD,10,73 09 00 9E BC BB 55 3E 80 BF 00 00 30 71 65 01
2026-07-05 16:43:29.957,CAN1,003,FD,10,73 09 00 9F BC BB 55 3E 93 BF 00 00 30 43 65 01
2026-07-05 16:43:30.182,CAN1,003,FD,10,73 09 00 A0 BC BB 55 3E 8F BF 00 00 30 1E 65 01
2026-07-05 16:43:30.407,CAN1,003,FD,10,73 09 00 A1 BC BB 55 3E 8E BF 00 00 30 D3 65 01
2026-07-05 16:43:30.632,CAN1,003,FD,10,73 09 00 A2 BC BB 55 3E AA BF 00 00 30 34 65 01
2026-07-05 16:43:30.856,CAN1,003,FD,10,73 09 00 A3 BC BB 55 3E 9F BF 00 00 30 62 65 01
2026-07-05 16:43:31.081,CAN1,003,FD,10,73 09 00 A4 BC BB 55 3E AD BF 00 00 30 65 65 01
2026-07-05 16:43:31.305,CAN1,003,FD,10,73 09 00 A5 BC BB 55 3E 96 BF 00 00 30 91 65 01
2026-07-05 16:43:31.531,CAN1,003,FD,10,73 09 00 A6 BC BB 55 3E C0 BF 00 00 30 98 65 01
2026-07-05 16:43:31.755,CAN1,003,FD,10,73 09 00 A7 BC BB 55 3E C6 BF 00 00 30 04 65 01
2026-07-05 16:43:31.980,CAN1,003,FD,10,73 09 00 A8 BC BB 55 3E B7 BF 00 00 30 A4 65 01
2026-07-05 16:43:32.205,CAN1,003,FD,10,73 09 00 A9 BC BB 55 3E DF BF 00 00 30 8B 65 01
2026-07-05 16:43:32.430,CAN1,003,FD,10,73 09 00 AA BC BB 55 3E D0 BF 00 00 30 E4 65 01
2026-07-05 16:43:32.654,CAN1,003,FD,10,73 09 00 AB BC BB 55 3E E2 BF 00 00 30 E3 65 01
2026-07-05 16:43:32.878,CAN1,003,FD,10,73 09 00 AC BC BB 55 3E C5 BF 00 00 30 4A 65 01
2026-07-05 16:43:33.104,CAN1,003,FD,10,73 09 00 AD BC BB 55 3E D6 BF 00 00 30 78 65 01
2026-07-05 16:43:33.328,CAN1,003,FD,10,73 09 00 AE BC BB 55 3E DA BF 00 00 30 59 65 01
2026-07-05 16:43:33.553,CAN1,003,FD,10,73 09 00 AF BC BB 55 3E D2 BF 00 00 30 67 65 01
2026-07-05 16:43:33.777,CAN1,003,FD,10,73 09 00 B0 BC BB 55 3E EC BF 00 00 30 41 65 01
2026-07-05 16:43:34.003,CAN1,003,FD,10,73 09 00 B1 BC BB 55 3E DF BF 00 00 30 8B 65 01
2026-07-05 16:43:34.227,CAN1,003,FD,10,73 09 00 B2 BC BB 55 3E B1 BF 00 00 30 38 65 01
2026-07-05 16:43:34.452,CAN1,003,FD,10,73 09 00 B3 BC BB 55 3E 90 BF 00 00 30 0D 65 01
2026-07-05 16:43:34.676,CAN1,003,FD,10,73 09 00 B4 BC BB 55 3E 8C BF 00 00 30 50 65 01
2026-07-05 16:43:34.902,CAN1,003,FD,10,73 09 00 B5 BC BB 55 3E 8A BF 00 00 30 CC 65 01
2026-07-05 16:43:35.126,CAN1,003,FD,10,73 09 00 B6 BC BB 55 3E 81 BF 00 00 30 BC 65 01
2026-07-05 16:43:35.351,CAN1,003,FD,10,73 09 00 B7 BC BB 55 3E 7E BF 00 00 30 75 65 01
2026-07-05 16:43:35.575,CAN1,003,FD,10,73 09 00 B8 BC BB 55 3E 9F BF 00 00 30 62 65 01
2026-07-05 16:43:35.801,CAN1,003,FD,10,73 09 00 B9 BC BB 55 3E AC BF 00 00 30 A8 65 01
2026-07-05 16:43:36.025,CAN1,003,FD,10,73 09 00 BA BC BB 55 3E AA BF 00 00 30 34 65 01
2026-07-05 16:43:36.250,CAN1,003,FD,10,73 09 00 BB BC BB 55 3E 9F BF 00 00 30 62 65 01
2026-07-05 16:43:36.474,CAN1,003,FD,10,73 09 00 BC BC BB 55 3E 93 BF 00 00 30 43 65 01
2026-07-05 16:43:36.700,CAN1,003,FD,10,73 09 00 BD BC BB 55 3E 7C BF 00 00 30 F6 65 01
2026-07-05 16:43:36.924,CAN1,003,FD,10,73 09 00 BE BC BB 55 3E 8E BF 00 00 30 D3 65 01
2026-07-05 16:43:37.148,CAN1,003,FD,10,73 09 00 BF BC BB 55 3E 8B BF 00 00 30 01 65 01
2026-07-05 16:43:37.372,CAN1,003,FD,10,73 09 00 C0 BC BB 55 3E 91 BF 00 00 30 C0 65 01
2026-07-05 16:43:37.598,CAN1,003,FD,10,73 09 00 C1 BC BB 55 3E 8A BF 00 00 30 CC 65 01
2026-07-05 16:43:37.823,CAN1,003,FD,10,73 09 00 C2 BC BB 55 3E 8C BF 00 00 30 50 65 01
2026-07-05 16:43:38.047,CAN1,003,FD,10,73 09 00 C3 BC BB 55 3E 8A BF 00 00 30 CC 65 01
2026-07-05 16:43:38.272,CAN1,003,FD,10,73 09 00 C4 BC BB 55 3E 9C BF 00 00 30 2C 65 01
2026-07-05 16:43:38.496,CAN1,003,FD,10,73 09 00 C5 BC BB 55 3E 94 BF 00 00 30 12 65 01
2026-07-05 16:43:38.722,CAN1,003,FD,10,73 09 00 C6 BC BB 55 3E 8C BF 00 00 30 50 65 01
2026-07-05 16:43:38.945,CAN1,003,FD,10,73 09 00 C7 BC BB 55 3E 8C BF 00 00 30 50 65 01
2026-07-05 16:43:39.171,CAN1,003,FD,10,73 09 00 C8 BC BB 55 3E 8F BF 00 00 30 1E 65 01
2026-07-05 16:43:39.396,CAN1,003,FD,10,73 09 00 C9 BC BB 55 3E A2 BF 00 00 30 0A 65 01
2026-07-05 16:43:39.621,CAN1,003,FD,10,73 09 00 CA BC BB 55 3E A9 BF 00 00 30 7A 65 01
2026-07-05 16:43:39.845,CAN1,003,FD,10,73 09 00 CB BC BB 55 3E 9E BF 00 00 30 AF 65 01
2026-07-05 16:43:40.070,CAN1,003,FD,10,73 09 00 CC BC BB 55 3E BC BF 00 00 30 D4 65 01
2026-07-05 16:43:40.295,CAN1,003,FD,10,73 09 00 CD BC BB 55 3E 9F BF 00 00 30 62 65 01
2026-07-05 16:43:40.520,CAN1,003,FD,10,73 09 00 CE BC BB 55 3E AD BF 00 00 30 65 65 01
2026-07-05 16:43:40.744,CAN1,003,FD,10,73 09 00 CF BC BB 55 3E 9F BF 00 00 30 62 65 01
2026-07-05 16:43:40.968,CAN1,003,FD,10,73 09 00 D0 BC BB 55 3E B9 BF 00 00 30 06 65 01
2026-07-05 16:43:41.194,CAN1,003,FD,10,73 09 00 D1 BC BB 55 3E 98 BF 00 00 30 33 65 01
2026-07-05 16:43:41.418,CAN1,003,FD,10,73 09 00 D2 BC BB 55 3E 9D BF 00 00 30 E1 65 01
2026-07-05 16:43:41.643,CAN1,003,FD,10,73 09 00 D3 BC BB 55 3E 8B BF 00 00 30 01 65 01
2026-07-05 16:43:41.867,CAN1,003,FD,10,73 09 00 D4 BC BB 55 3E 8C BF 00 00 30 50 65 01
2026-07-05 16:43:42.093,CAN1,003,FD,10,73 09 00 D5 BC BB 55 3E 8C BF 00 00 30 50 65 01
2026-07-05 16:43:42.317,CAN1,003,FD,10,73 09 00 D6 BC BB 55 3E 8C BF 00 00 30 50 65 01
2026-07-05 16:43:42.542,CAN1,003,FD,10,73 09 00 D7 BC BB 55 3E 93 BF 00 00 30 43 65 01
2026-07-05 16:43:42.766,CAN1,003,FD,10,73 09 00 D8 BC BB 55 3E A5 BF 00 00 30 5B 65 01
2026-07-05 16:43:42.992,CAN1,003,FD,10,73 09 00 D9 BC BB 55 3E B1 BF 00 00 30 38 65 01
2026-07-05 16:43:43.215,CAN1,003,FD,10,73 09 00 DA BC BB 55 3E 8A BF 00 00 30 CC 65 01
2026-07-05 16:43:43.441,CAN1,003,FD,10,73 09 00 DB BC BB 55 3E AF BF 00 00 30 E6 65 01
2026-07-05 16:43:43.664,CAN1,003,FD,10,73 09 00 DC BC BB 55 3E 8C BF 00 00 30 50 65 01
2026-07-05 16:43:43.891,CAN1,003,FD,10,73 09 00 DD BC BB 55 3E 8A BF 00 00 30 CC 65 01
2026-07-05 16:43:44.115,CAN1,003,FD,10,73 09 00 DE BC BB 55 3E 90 BF 00 00 30 0D 65 01
2026-07-05 16:43:44.340,CAN1,003,FD,10,73 09 00 DF BC BB 55 3E 92 BF 00 00 30 8E 65 01
2026-07-05 16:43:44.564,CAN1,003,FD,10,73 09 00 E0 BC BB 55 3E 9A BF 00 00 30 B0 65 01
2026-07-05 16:43:44.788,CAN1,003,FD,10,73 09 00 E1 BC BB 55 3E 91 BF 00 00 30 C0 65 01
2026-07-05 16:43:45.014,CAN1,003,FD,10,73 09 00 E2 BC BB 55 3E 8F BF 00 00 30 1E 65 01
2026-07-05 16:43:45.238,CAN1,003,FD,10,73 09 00 E3 BC BB 55 3E 8A BF 00 00 30 CC 65 01
2026-07-05 16:43:45.463,CAN1,003,FD,10,73 09 00 E4 BC BB 55 3E 92 BF 00 00 30 8E 65 01
2026-07-05 16:43:45.687,CAN1,003,FD,10,73 09 00 E5 BC BB 55 3E A0 BF 00 00 30 89 65 01
2026-07-05 16:43:45.913,CAN1,003,FD,10,73 09 00 E6 BC BB 55 3E 9D BF 00 00 30 E1 65 01
2026-07-05 16:43:46.137,CAN1,003,FD,10,73 09 00 E7 BC BB 55 3E 9D BF 00 00 30 E1 65 01
2026-07-05 16:43:46.362,CAN1,003,FD,10,73 09 00 E8 BC BB 55 3E AC BF 00 00 30 A8 65 01
2026-07-05 16:43:46.586,CAN1,003,FD,10,73 09 00 E9 BC BB 55 3E 93 BF 00 00 30 43 65 01
2026-07-05 16:43:46.812,CAN1,003,FD,10,73 09 00 EA BC BB 55 3E 8D BF 00 00 30 9D 65 01
2026-07-05 16:43:47.036,CAN1,003,FD,10,73 09 00 EB BC BB 55 3E AC BF 00 00 30 A8 65 01
2026-07-05 16:43:47.261,CAN1,003,FD,10,73 09 00 EC BC BB 55 3E 98 BF 00 00 30 33 65 01
2026-07-05 16:43:47.485,CAN1,003,FD,10,73 09 00 ED BC BB 55 3E AC BF 00 00 30 A8 65 01
2026-07-05 16:43:47.711,CAN1,003,FD,10,73 09 00 EE BC BB 55 3E A1 BF 00 00 30 44 65 01
2026-07-05 16:43:47.935,CAN1,003,FD,10,73 09 00 EF BC BB 55 3E 95 BF 00 00 30 DF 65 01
2026-07-05 16:43:48.160,CAN1,003,FD,10,73 09 00 F0 BC BB 55 3E 8B BF 00 00 30 01 65 01
2026-07-05 16:43:48.384,CAN1,003,FD,10,73 09 00 F1 BC BB 55 3E 8C BF 00 00 30 50 65 01
2026-07-05 16:43:48.610,CAN1,003,FD,10,73 09 00 F2 BC BB 55 3E 9B BF 00 00 30 7D 65 01
2026-07-05 16:43:48.834,CAN1,003,FD,10,73 09 00 F3 BC BB 55 3E 9D BF 00 00 30 E1 65 01
2026-07-05 16:43:49.058,CAN1,003,FD,10,73 09 00 F4 BC BB 55 3E 9E BF 00 00 30 AF 65 01
2026-07-05 16:43:49.283,CAN1,003,FD,10,73 09 00 F5 BC BB 55 3E 9B BF 00 00 30 7D 65 01
2026-07-05 16:43:49.508,CAN1,003,FD,10,73 09 00 F6 BC BB 55 3E 93 BF 00 00 30 43 65 01
2026-07-05 16:43:49.733,CAN1,003,FD,10,73 09 00 F7 BC BB 55 3E 80 BF 00 00 30 71 65 01
2026-07-05 16:43:49.957,CAN1,003,FD,10,73 09 00 F8 BC BB 55 3E 8C BF 00 00 30 50 65 01
2026-07-05 16:43:50.182,CAN1,003,FD,10,73 09 00 F9 BC BB 55 3E 8F BF 00 00 30 1E 65 01
2026-07-05 16:43:50.407,CAN1,003,FD,10,73 09 00 FA BC BB 55 3E 8F BF 00 00 30 1E 65 01
2026-07-05 16:43:50.632,CAN1,003,FD,10,73 09 00 FB BC BB 55 3E A1 BF 00 00 30 44 65 01
2026-07-05 16:43:50.856,CAN1,003,FD,10,73 09 00 FC BC BB 55 3E 92 BF 00 00 30 8E 65 01
2026-07-05 16:43:51.081,CAN1,003,FD,10,73 09 00 FD BC BB 55 3E 9D BF 00 00 30 E1 65 01
2026-07-05 16:43:51.306,CAN1,003,FD,10,73 09 00 FE BC BB 55 3E 8F BF 00 00 30 1E 65 01
2026-07-05 16:43:51.531,CAN1,003,FD,10,73 09 00 FF BC BB 55 3E 8D BF 00 00 30 9D 65 01
2026-07-05 16:43:51.755,CAN1,003,FD,10,73 09 00 00 BC BB 55 3E 8E BF 00 00 30 D3 65 01
2026-07-05 16:43:51.980,CAN1,003,FD,10,73 09 00 01 BC BB 55 3E 8D BF 00 00 30 9D 65 01
2026-07-05 16:43:52.205,CAN1,003,FD,10,73 09 00 02 BC BB 55 3E 9F BF 00 00 30 62 65 01
2026-07-05 16:43:52.430,CAN1,003,FD,10,73 09 00 03 BC BB 55 3E 97 BF 00 00 30 5C 65 01
2026-07-05 16:43:52.654,CAN1,003,FD,10,73 09 00 04 BC BB 55 3E A0 BF 00 00 30 89 65 01
2026-07-05 16:43:52.878,CAN1,003,FD,10,73 09 00 05 BC BB 55 3E CD BF 00 00 30 74 65 01
2026-07-05 16:43:53.104,CAN1,003,FD,10,73 09 00 06 BC BB 55 3E BF BF 00 00 30 9A 65 01
2026-07-05 16:43:53.328,CAN1,003,FD,10,73 09 00 07 BC BB 55 3E C0 BF 00 00 30 98 65 01
2026-07-05 16:43:53.553,CAN1,003,FD,10,73 09 00 08 BC BB 55 3E A4 BF 00 00 30 96 65 01
2026-07-05 16:43:53.777,CAN1,003,FD,10,73 09 00 09 BC BB 55 3E AB BF 00 00 30 F9 65 01
2026-07-05 16:43:54.003,CAN1,003,FD,10,73 09 00 0A BC BB 55 3E C5 BF 00 00 30 4A 65 01
2026-07-05 16:43:54.227,CAN1,003,FD,10,73 09 00 0B BC BB 55 3E C4 BF 00 00 30 87 65 01
2026-07-05 16:43:54.452,CAN1,003,FD,10,73 09 00 0C BC BB 55 3E 94 BF 00 00 30 12 65 01
2026-07-05 16:43:54.676,CAN1,003,FD,10,73 09 00 0D BC BB 55 3E 8A BF 00 00 30 CC 65 01
2026-07-05 16:43:54.902,CAN1,003,FD,10,73 09 00 0E BC BB 55 3E 8D BF 00 00 30 9D 65 01
2026-07-05 16:43:55.126,CAN1,003,FD,10,73 09 00 0F BC BB 55 3E BB BF 00 00 30 85 65 01
2026-07-05 16:43:55.351,CAN1,003,FD,10,73 09 00 10 BC BB 55 3E C3 BF 00 00 30 D6 65 01
2026-07-05 16:43:55.575,CAN1,003,FD,10,73 09 00 11 BC BB 55 3E AC BF 00 00 30 A8 65 01
2026-07-05 16:43:55.801,CAN1,003,FD,10,73 09 00 12 BC BB 55 3E 8F BF 00 00 30 1E 65 01
2026-07-05 16:43:56.025,CAN1,003,FD,10,73 09 00 13 BC BB 55 3E A9 BF 00 00 30 7A 65 01
2026-07-05 16:43:56.250,CAN1,003,FD,10,73 09 00 14 BC BB 55 3E C7 BF 00 00 30 C9 65 01
2026-07-05 16:43:56.474,CAN1,003,FD,10,73 09 00 15 BC BB 55 3E B2 BF 00 00 30 76 65 01
2026-07-05 16:43:56.700,CAN1,003,FD,10,73 09 00 16 BC BB 55 3E A3 BF 00 00 30 C7 65 01
2026-07-05 16:43:56.924,CAN1,003,FD,10,73 09 00 17 BC BB 55 3E A5 BF 00 00 30 5B 65 01
2026-07-05 16:43:57.148,CAN1,003,FD,10,73 09 00 18 BC BB 55 3E 97 BF 00 00 30 5C 65 01
2026-07-05 16:43:57.373,CAN1,003,FD,10,73 09 00 19 BC BB 55 3E AA BF 00 00 30 34 65 01
2026-07-05 16:43:57.598,CAN1,003,FD,10,73 09 00 1A BC BB 55 3E 9B BF 00 00 30 7D 65 01
2026-07-05 16:43:57.823,CAN1,003,FD,10,73 09 00 1B BC BB 55 3E AB BF 00 00 30 F9 65 01
2026-07-05 16:43:58.047,CAN1,003,FD,10,73 09 00 1C BC BB 55 3E 9D BF 00 00 30 E1 65 01
2026-07-05 16:43:58.272,CAN1,003,FD,10,73 09 00 1D BC BB 55 3E 9A BF 00 00 30 B0 65 01
2026-07-05 16:43:58.497,CAN1,003,FD,10,73 09 00 1E BC BB 55 3E 8F BF 00 00 30 1E 65 01
2026-07-05 16:43:58.722,CAN1,003,FD,10,73 09 00 1F BC BB 55 3E 8C BF 00 00 30 50 65 01
2026-07-05 16:43:58.946,CAN1,003,FD,10,73 09 00 20 BC BB 55 3E 92 BF 00 00 30 8E 65 01
2026-07-05 16:43:59.171,CAN1,003,FD,10,73 09 00 21 BC BB 55 3E AB BF 00 00 30 F9 65 01
2026-07-05 16:43:59.396,CAN1,003,FD,10,73 09 00 22 BC BB 55 3E 91 BF 00 00 30 C0 65 01
2026-07-05 16:43:59.621,CAN1,003,FD,10,73 09 00 23 BC BB 55 3E B3 BF 00 00 30 BB 65 01
2026-07-05 16:43:59.845,CAN1,003,FD,10,73 09 00 24 BC BB 55 3E 9F BF 00 00 30 62 65 01
2026-07-05 16:44:00.070,CAN1,003,FD,10,73 09 00 25 BC BB 55 3E 92 BF 00 00 30 8E 65 01
2026-07-05 16:44:00.295,CAN1,003,FD,10,73 09 00 26 BC BB 55 3E 8E BF 00 00 30 D3 65 01
2026-07-05 16:44:00.520,CAN1,003,FD,10,73 09 00 27 BC BB 55 3E 9C BF 00 00 30 2C 65 01
2026-07-05 16:44:00.744,CAN1,003,FD,10,73 09 00 28 BC BB 55 3E 92 BF 00 00 30 8E 65 01
2026-07-05 16:44:00.968,CAN1,003,FD,10,73 09 00 29 BC BB 55 3E 8C BF 00 00 30 50 65 01
2026-07-05 16:44:01.194,CAN1,003,FD,10,73 09 00 2A BC BB 55 3E 9F BF 00 00 30 62 65 01
2026-07-05 16:45:48.943,CAN1,003,FD,10,73 09 00 2B BC BB 55 3E 8F BF 00 00 30 1E 65 01
2026-07-05 16:45:48.944,CAN1,003,FD,10,73 09 00 2C BC BB 55 3E 81 BF 00 00 30 BC 65 01
2026-07-05 16:45:48.944,CAN1,003,FD,10,73 09 00 2D BC BB 55 3E 8A BF 00 00 30 CC 65 01
2026-07-05 16:45:48.945,CAN1,003,FD,10,73 09 00 2E BC BB 55 3E 93 BF 00 00 30 43 65 00
2026-07-05 16:45:48.945,CAN1,003,FD,10,73 09 00 2F BC BB 55 3E 8F BF 00 00 30 1E 65 00
2026-07-05 16:45:48.946,CAN1,003,FD,10,73 09 00 30 BC BB 55 3E 93 BF 00 00 30 43 65 01
2026-07-05 16:45:49.058,CAN1,003,FD,10,73 09 00 31 BC BB 55 3E F0 BF 00 00 30 1C 65 01
2026-07-05 16:45:49.283,CAN1,003,FD,10,73 09 00 32 BC BB 55 3E F6 BF 00 00 30 80 65 01
2026-07-05 16:45:49.508,CAN1,003,FD,10,73 09 00 33 BC BB 55 3E F9 BF 00 00 30 EF 65 01
2026-07-05 16:45:49.733,CAN1,003,FD,10,73 09 00 34 BC BB 55 3E F0 BF 00 00 30 1C 65 01
2026-07-05 16:45:49.957,CAN1,003,FD,10,73 09 00 35 BC BB 55 3E F8 BF 00 00 30 22 65 01
2026-07-05 16:45:50.182,CAN1,003,FD,10,73 09 00 36 BC BB 55 3E EC BF 00 00 30 41 65 01
2026-07-05 16:45:50.407,CAN1,003,FD,10,73 09 00 37 BC BB 55 3E F2 BF 00 00 30 9F 65 01
2026-07-05 16:45:50.632,CAN1,003,FD,10,73 09 00 38 BC BB 55 3E F4 BF 00 00 30 03 65 01
2026-07-05 16:45:50.856,CAN1,003,FD,10,73 09 00 39 BC BB 55 3E F7 BF 00 00 30 4D 65 01
2026-07-05 16:45:51.081,CAN1,003,FD,10,73 09 00 3A BC BB 55 3E EE BF 00 00 30 C2 65 01
2026-07-05 16:45:51.306,CAN1,003,FD,10,73 09 00 3B BC BB 55 3E EC BF 00 00 30 41 65 01
2026-07-05 16:45:51.531,CAN1,003,FD,10,73 09 00 3C BC BB 55 3E DF BF 00 00 30 8B 65 01
2026-07-05 16:45:51.755,CAN1,003,FD,10,73 09 00 3D BC BB 55 3E CB BF 00 00 30 E8 65 01
2026-07-05 16:45:51.980,CAN1,003,FD,10,73 09 00 3E BC BB 55 3E EA BF 00 00 30 DD 65 01
2026-07-05 16:45:52.205,CAN1,003,FD,10,73 09 00 3F BC BB 55 3E E8 BF 00 00 30 5E 65 01
2026-07-05 16:45:52.430,CAN1,003,FD,10,73 09 00 40 BC BB 55 3E F1 BF 00 00 30 D1 65 01
2026-07-05 16:45:52.654,CAN1,003,FD,10,73 09 00 41 BC BB 55 3E F8 BF 00 00 30 22 65 01
2026-07-05 16:45:52.878,CAN1,003,FD,10,73 09 00 42 BC BB 55 3E D7 BF 00 00 30 B5 65 01
2026-07-05 16:45:53.104,CAN1,003,FD,10,73 09 00 43 BC BB 55 3E D4 BF 00 00 30 FB 65 01
2026-07-05 16:45:53.328,CAN1,003,FD,10,73 09 00 44 BC BB 55 3E F2 BF 00 00 30 9F 65 01
2026-07-05 16:45:53.553,CAN1,003,FD,10,73 09 00 45 BC BB 55 3E F0 BF 00 00 30 1C 65 01
2026-07-05 16:45:53.777,CAN1,003,FD,10,73 09 00 46 BC BB 55 3E F3 BF 00 00 30 52 65 01
2026-07-05 16:45:54.003,CAN1,003,FD,10,73 09 00 47 BC BB 55 3E ED BF 00 00 30 8C 65 01
2026-07-05 16:45:54.227,CAN1,003,FD,10,73 09 00 48 BC BB 55 3E E0 BF 00 00 30 60 65 01
2026-07-05 16:45:54.452,CAN1,003,FD,10,73 09 00 49 BC BB 55 3E EF BF 00 00 30 0F 65 01
2026-07-05 16:45:54.676,CAN1,003,FD,10,73 09 00 4A BC BB 55 3E E2 BF 00 00 30 E3 65 01
2026-07-05 16:45:54.902,CAN1,003,FD,10,73 09 00 4B BC BB 55 3E CA BF 00 00 30 25 65 01
2026-07-05 16:45:55.126,CAN1,003,FD,10,73 09 00 4C BC BB 55 3E EE BF 00 00 30 C2 65 01
2026-07-05 16:45:55.351,CAN1,003,FD,10,73 09 00 4D BC BB 55 3E F3 BF 00 00 30 52 65 01
2026-07-05 16:45:55.575,CAN1,003,FD,10,73 09 00 4E BC BB 55 3E F5 BF 00 00 30 CE 65 01
2026-07-05 16:45:55.801,CAN1,003,FD,10,73 09 00 4F BC BB 55 3E F4 BF 00 00 30 03 65 01
2026-07-05 16:45:56.025,CAN1,003,FD,10,73 09 00 50 BC BB 55 3E EC BF 00 00 30 41 65 01
2026-07-05 16:45:56.250,CAN1,003,FD,10,73 09 00 51 BC BB 55 3E F8 BF 00 00 30 22 65 01
2026-07-05 16:45:56.474,CAN1,003,FD,10,73 09 00 52 BC BB 55 3E E8 BF 00 00 30 5E 65 01
2026-07-05 16:45:56.700,CAN1,003,FD,10,73 09 00 53 BC BB 55 3E D3 BF 00 00 30 AA 65 01
2026-07-05 16:45:56.924,CAN1,003,FD,10,73 09 00 54 BC BB 55 3E CE BF 00 00 30 3A 65 01
2026-07-05 16:45:57.148,CAN1,003,FD,10,73 09 00 55 BC BB 55 3E F2 BF 00 00 30 9F 65 01
2026-07-05 16:45:57.373,CAN1,003,FD,10,73 09 00 56 BC BB 55 3E F1 BF 00 00 30 D1 65 01
2026-07-05 16:45:57.598,CAN1,003,FD,10,73 09 00 57 BC BB 55 3E E2 BF 00 00 30 E3 65 01
2026-07-05 16:45:57.824,CAN1,003,FD,10,73 09 00 58 BC BB 55 3E F4 BF 00 00 30 03 65 01
2026-07-05 16:45:58.047,CAN1,003,FD,10,73 09 00 59 BC BB 55 3E E4 BF 00 00 30 7F 65 01
2026-07-05 16:45:58.272,CAN1,003,FD,10,73 09 00 5A BC BB 55 3E F7 BF 00 00 30 4D 65 01
2026-07-05 16:45:58.497,CAN1,003,FD,10,73 09 00 5B BC BB 55 3E F9 BF 00 00 30 EF 65 01
2026-07-05 16:45:58.722,CAN1,003,FD,10,73 09 00 5C BC BB 55 3E E1 BF 00 00 30 AD 65 01
2026-07-05 16:45:58.946,CAN1,003,FD,10,73 09 00 5D BC BB 55 3E D7 BF 00 00 30 B5 65 01
2026-07-05 16:45:59.171,CAN1,003,FD,10,73 09 00 5E BC BB 55 3E F4 BF 00 00 30 03 65 01
2026-07-05 16:45:59.396,CAN1,003,FD,10,73 09 00 5F BC BB 55 3E F5 BF 00 00 30 CE 65 01
2026-07-05 16:45:59.621,CAN1,003,FD,10,73 09 00 60 BC BB 55 3E FB BF 00 00 30 6C 65 01
2026-07-05 16:45:59.845,CAN1,003,FD,10,73 09 00 61 BC BB 55 3E E9 BF 00 00 30 93 65 01
2026-07-05 16:46:00.070,CAN1,003,FD,10,73 09 00 62 BC BB 55 3E E1 BF 00 00 30 AD 65 01
2026-07-05 16:46:00.296,CAN1,003,FD,10,73 09 00 63 BC BB 55 3E F8 BF 00 00 30 22 65 01
2026-07-05 16:46:00.520,CAN1,003,FD,10,73 09 00 64 BC BB 55 3E DF BF 00 00 30 8B 65 01
2026-07-05 16:46:00.744,CAN1,003,FD,10,73 09 00 65 BC BB 55 3E F4 BF 00 00 30 03 65 01
2026-07-05 16:46:00.968,CAN1,003,FD,10,73 09 00 66 BC BB 55 3E FD BF 00 00 30 F0 65 01
2026-07-05 16:46:01.194,CAN1,003,FD,10,73 09 00 67 BC BB 55 3E E5 BF 00 00 30 B2 65 01
2026-07-05 16:46:01.418,CAN1,003,FD,10,73 09 00 68 BC BB 55 3E F9 BF 00 00 30 EF 65 01
2026-07-05 16:46:01.643,CAN1,003,FD,10,73 09 00 69 BC BB 55 3E E2 BF 00 00 30 E3 65 01
2026-07-05 16:46:01.867,CAN1,003,FD,10,73 09 00 6A BC BB 55 3E E8 BF 00 00 30 5E 65 01
2026-07-05 16:46:02.093,CAN1,003,FD,10,73 09 00 6B BC BB 55 3E E5 BF 00 00 30 B2 65 01
2026-07-05 16:46:02.317,CAN1,003,FD,10,73 09 00 6C BC BB 55 3E EF BF 00 00 30 0F 65 01
2026-07-05 16:46:02.542,CAN1,003,FD,10,73 09 00 6D BC BB 55 3E F4 BF 00 00 30 03 65 01
2026-07-05 16:46:02.611,TX,100,SFF,8,00 00 00 00 00 00 00 00
2026-07-05 16:46:02.766,CAN1,003,FD,10,73 09 00 6E BC BB 55 3E F5 BF 00 00 30 CE 65 01
2026-07-05 16:46:02.992,CAN1,003,FD,10,73 09 00 6F BC BB 55 3E F7 BF 00 00 30 4D 65 01
2026-07-05 16:46:03.216,CAN1,003,FD,10,73 09 00 70 BC BB 55 3E D1 BF 00 00 30 29 65 01
2026-07-05 16:46:03.441,CAN1,003,FD,10,73 09 00 71 BC BB 55 3E DC BF 00 00 30 C5 65 01
2026-07-05 16:46:03.518,TX,100,SFF,8,00 00 00 00 00 00 00 00
2026-07-05 16:46:03.665,CAN1,003,FD,10,73 09 00 72 BC BB 55 3E EF BF 00 00 30 0F 65 01
2026-07-05 16:46:03.891,CAN1,003,FD,10,73 09 00 73 BC BB 55 3E C6 BF 00 00 30 04 65 01
2026-07-05 16:46:04.115,CAN1,003,FD,10,73 09 00 74 BC BB 55 3E CB BF 00 00 30 E8 65 01
2026-07-05 16:46:04.355,TX,100,SFF,8,00 00 00 00 00 00 00 00
2026-07-05 16:46:04.564,CAN1,003,FD,10,73 09 00 76 BC BB 55 3E E5 BF 00 00 30 B2 65 01
2026-07-05 16:46:04.788,CAN1,003,FD,10,73 09 00 77 BC BB 55 3E EC BF 00 00 30 41 65 01
2026-07-05 16:46:05.014,CAN1,003,FD,10,73 09 00 78 BC BB 55 3E EC BF 00 00 30 41 65 01
2026-07-05 16:46:05.086,TX,100,SFF,8,00 00 00 00 00 00 00 00
2026-07-05 16:46:05.238,CAN1,003,FD,10,73 09 00 79 BC BB 55 3E F4 BF 00 00 30 03 65 01
2026-07-05 16:46:05.309,TX,100,SFF,8,00 00 00 00 00 00 00 00
2026-07-05 16:46:05.463,CAN1,003,FD,10,73 09 00 7A BC BB 55 3E E6 BF 00 00 30 FC 65 01
2026-07-05 16:46:05.524,TX,100,SFF,8,00 00 00 00 00 00 00 00
2026-07-05 16:46:05.679,TX,100,SFF,8,00 00 00 00 00 00 00 00
2026-07-05 16:46:05.687,CAN1,003,FD,10,73 09 00 7B BC BB 55 3E F8 BF 00 00 30 22 65 01
2026-07-05 16:46:05.913,CAN1,003,FD,10,73 09 00 7C BC BB 55 3E E5 BF 00 00 30 B2 65 01
2026-07-05 16:46:06.137,CAN1,003,FD,10,73 09 00 7D BC BB 55 3E F4 BF 00 00 30 03 65 01
2026-07-05 16:46:06.362,CAN1,003,FD,10,73 09 00 7E BC BB 55 3E EC BF 00 00 30 41 65 01
2026-07-05 16:46:06.586,CAN1,003,FD,10,73 09 00 7F BC BB 55 3E F1 BF 00 00 30 D1 65 01
2026-07-05 16:46:06.812,CAN1,003,FD,10,73 09 00 80 BC BB 55 3E E1 BF 00 00 30 AD 65 01
2026-07-05 16:46:07.036,CAN1,003,FD,10,73 09 00 81 BC BB 55 3E C1 BF 00 00 30 55 65 01
2026-07-05 16:46:07.261,CAN1,003,FD,10,73 09 00 82 BC BB 55 3E DF BF 00 00 30 8B 65 01
2026-07-05 16:46:07.485,CAN1,003,FD,10,73 09 00 83 BC BB 55 3E F3 BF 00 00 30 52 65 01
2026-07-05 16:46:07.711,CAN1,003,FD,10,73 09 00 84 BC BB 55 3E E2 BF 00 00 30 E3 65 01
2026-07-05 16:46:07.935,CAN1,003,FD,10,73 09 00 85 BC BB 55 3E F3 BF 00 00 30 52 65 01
2026-07-05 16:46:08.160,CAN1,003,FD,10,73 09 00 86 BC BB 55 3E F4 BF 00 00 30 03 65 01
2026-07-05 16:46:08.384,CAN1,003,FD,10,73 09 00 87 BC BB 55 3E E6 BF 00 00 30 FC 65 01
2026-07-05 16:46:08.610,CAN1,003,FD,10,73 09 00 88 BC BB 55 3E C9 BF 00 00 30 6B 65 01
2026-07-05 16:46:08.834,CAN1,003,FD,10,73 09 00 89 BC BB 55 3E E1 BF 00 00 30 AD 65 01
2026-07-05 16:46:09.058,CAN1,003,FD,10,73 09 00 8A BC BB 55 3E D3 BF 00 00 30 AA 65 01
2026-07-05 16:46:09.283,CAN1,003,FD,10,73 09 00 8B BC BB 55 3E D8 BF 00 00 30 DA 65 01
2026-07-05 16:46:09.508,CAN1,003,FD,10,73 09 00 8C BC BB 55 3E D7 BF 00 00 30 B5 65 01
2026-07-05 16:46:09.733,CAN1,003,FD,10,73 09 00 8D BC BB 55 3E C5 BF 00 00 30 4A 65 01
2026-07-05 16:46:09.957,CAN1,003,FD,10,73 09 00 8E BC BB 55 3E CF BF 00 00 30 F7 65 01
2026-07-05 16:46:10.182,CAN1,003,FD,10,73 09 00 8F BC BB 55 3E D9 BF 00 00 30 17 65 01
2026-07-05 16:46:10.407,CAN1,003,FD,10,73 09 00 90 BC BB 55 3E F2 BF 00 00 30 9F 65 01
2026-07-05 16:46:10.632,CAN1,003,FD,10,73 09 00 91 BC BB 55 3E C4 BF 00 00 30 87 65 01
2026-07-05 16:46:10.856,CAN1,003,FD,10,73 09 00 92 BC BB 55 3E E7 BF 00 00 30 31 65 01
2026-07-05 16:46:11.081,CAN1,003,FD,10,73 09 00 93 BC BB 55 3E F0 BF 00 00 30 1C 65 01
2026-07-05 16:46:11.306,CAN1,003,FD,10,73 09 00 94 BC BB 55 3E F8 BF 00 00 30 22 65 01
2026-07-05 16:46:11.531,CAN1,003,FD,10,73 09 00 95 BC BB 55 3E EA BF 00 00 30 DD 65 01
2026-07-05 16:46:11.755,CAN1,003,FD,10,73 09 00 96 BC BB 55 3E CC BF 00 00 30 B9 65 01
2026-07-05 16:46:11.980,CAN1,003,FD,10,73 09 00 97 BC BB 55 3E C2 BF 00 00 30 1B 65 01
2026-07-05 16:46:12.205,CAN1,003,FD,10,73 09 00 98 BC BB 55 3E CC BF 00 00 30 B9 65 01
2026-07-05 16:46:12.430,CAN1,003,FD,10,73 09 00 99 BC BB 55 3E C5 BF 00 00 30 4A 65 01
2026-07-05 16:46:12.654,CAN1,003,FD,10,73 09 00 9A BC BB 55 3E D9 BF 00 00 30 17 65 01
2026-07-05 16:46:12.878,CAN1,003,FD,10,73 09 00 9B BC BB 55 3E BC BF 00 00 30 D4 65 01
2026-07-05 16:46:13.104,CAN1,003,FD,10,73 09 00 9C BC BB 55 3E BE BF 00 00 30 57 65 01
2026-07-05 16:46:13.328,CAN1,003,FD,10,73 09 00 9D BC BB 55 3E C3 BF 00 00 30 D6 65 01
2026-07-05 16:46:13.553,CAN1,003,FD,10,73 09 00 9E BC BB 55 3E CE BF 00 00 30 3A 65 01
2026-07-05 16:46:13.777,CAN1,003,FD,10,73 09 00 9F BC BB 55 3E B6 BF 00 00 30 69 65 01
2026-07-05 16:46:14.003,CAN1,003,FD,10,73 09 00 A0 BC BB 55 3E D1 BF 00 00 30 29 65 01
2026-07-05 16:46:14.227,CAN1,003,FD,10,73 09 00 A1 BC BB 55 3E C9 BF 00 00 30 6B 65 01
2026-07-05 16:46:14.307,TX,100,SFF,8,00 00 00 00 00 00 00 00
2026-07-05 16:46:14.452,CAN1,003,FD,10,73 09 00 A2 BC BB 55 3E C3 BF 00 00 30 D6 65 01
2026-07-05 16:46:14.676,CAN1,003,FD,10,73 09 00 A3 BC BB 55 3E C8 BF 00 00 30 A6 65 01
2026-07-05 16:46:14.902,CAN1,003,FD,10,73 09 00 A4 BC BB 55 3E C5 BF 00 00 30 4A 65 01
2026-07-05 16:46:15.126,CAN1,003,FD,10,73 09 00 A5 BC BB 55 3E B7 BF 00 00 30 A4 65 01
2026-07-05 16:46:15.203,TX,100,SFF,8,00 00 00 00 00 00 00 00
2026-07-05 16:46:15.351,CAN1,003,FD,10,73 09 00 A6 BC BB 55 3E D9 BF 00 00 30 17 65 01
2026-07-05 16:46:15.411,TX,100,SFF,8,00 00 00 00 00 00 00 00
2026-07-05 16:46:15.575,CAN1,003,FD,10,73 09 00 A7 BC BB 55 3E C6 BF 00 00 30 04 65 01
2026-07-05 16:46:15.651,TX,100,SFF,8,00 00 00 00 00 00 00 00
2026-07-05 16:46:15.837,TX,100,SFF,8,00 00 00 00 00 00 00 00
2026-07-05 16:46:16.008,TX,100,SFF,8,00 00 00 00 00 00 00 00
2026-07-05 16:46:16.025,CAN1,003,FD,10,73 09 00 A9 BC BB 55 3E CA BF 00 00 30 25 65 01
2026-07-05 16:46:16.219,TX,100,SFF,8,00 00 00 00 00 00 00 00
2026-07-05 16:46:16.250,CAN1,003,FD,10,73 09 00 AA BC BB 55 3E B6 BF 00 00 30 69 65 01
2026-07-05 16:46:16.474,CAN1,003,FD,10,73 09 00 AB BC BB 55 3E C8 BF 00 00 30 A6 65 01
2026-07-05 16:46:16.700,CAN1,003,FD,10,73 09 00 AC BC BB 55 3E CE BF 00 00 30 3A 65 01
2026-07-05 16:46:16.924,CAN1,003,FD,10,73 09 00 AD BC BB 55 3E C9 BF 00 00 30 6B 65 01
2026-07-05 16:46:17.148,CAN1,003,FD,10,73 09 00 AE BC BB 55 3E F2 BF 00 00 30 9F 65 01
2026-07-05 16:46:17.373,CAN1,003,FD,10,73 09 00 AF BC BB 55 3E FC BF 00 00 30 3D 65 01
2026-07-05 16:46:17.598,CAN1,003,FD,10,73 09 00 B0 BC BB 55 3E F5 BF 00 00 30 CE 65 01
2026-07-05 16:46:17.823,CAN1,003,FD,10,73 09 00 B1 BC BB 55 3E D1 BF 00 00 30 29 65 01
2026-07-05 16:46:18.047,CAN1,003,FD,10,73 09 00 B2 BC BB 55 3E C5 BF 00 00 30 4A 65 01
2026-07-05 16:46:18.234,TX,100,SFF,8,00 00 00 00 00 00 00 00
2026-07-05 16:46:18.272,CAN1,003,FD,10,73 09 00 B3 BC BB 55 3E D4 BF 00 00 30 FB 65 01
2026-07-05 16:46:18.482,TX,100,SFF,8,00 00 00 00 00 00 00 00
2026-07-05 16:46:18.497,CAN1,003,FD,10,73 09 00 B4 BC BB 55 3E C9 BF 00 00 30 6B 65 01
2026-07-05 16:46:18.722,CAN1,003,FD,10,73 09 00 B5 BC BB 55 3E CC BF 00 00 30 B9 65 01
2026-07-05 16:46:18.946,CAN1,003,FD,10,73 09 00 B6 BC BB 55 3E C6 BF 00 00 30 04 65 01
2026-07-05 16:46:19.082,TX,100,SFF,8,00 00 00 00 00 00 00 00
2026-07-05 16:46:19.171,CAN1,003,FD,10,73 09 00 B7 BC BB 55 3E C9 BF 00 00 30 6B 65 01
2026-07-05 16:46:19.359,TX,100,SFF,8,00 00 00 00 00 00 00 00
2026-07-05 16:46:19.396,CAN1,003,FD,10,73 09 00 B8 BC BB 55 3E C2 BF 00 00 30 1B 65 01
2026-07-05 16:46:19.621,CAN1,003,FD,10,73 09 00 B9 BC BB 55 3E BC BF 00 00 30 D4 65 01
2026-07-05 16:46:19.845,CAN1,003,FD,10,73 09 00 BA BC BB 55 3E D1 BF 00 00 30 29 65 01
2026-07-05 16:46:20.070,CAN1,003,FD,10,73 09 00 BB BC BB 55 3E C6 BF 00 00 30 04 65 01
2026-07-05 16:46:20.295,CAN1,003,FD,10,73 09 00 BC BC BB 55 3E DE BF 00 00 30 46 65 01
2026-07-05 16:46:20.432,TX,100,SFF,8,00 00 00 00 00 00 00 00
2026-07-05 16:46:20.520,CAN1,003,FD,10,73 09 00 BD BC BB 55 3E EB BF 00 00 30 10 65 01
2026-07-05 16:46:20.658,TX,100,SFF,8,00 00 00 00 00 00 00 00
2026-07-05 16:46:20.744,CAN1,003,FD,10,73 09 00 BE BC BB 55 3E BA BF 00 00 30 48 65 01
2026-07-05 16:46:20.883,TX,100,SFF,8,00 00 00 00 00 00 00 00
2026-07-05 16:46:20.968,CAN1,003,FD,10,73 09 00 BF BC BB 55 3E BF BF 00 00 30 9A 65 01
2026-07-05 16:46:21.194,CAN1,003,FD,10,73 09 00 C0 BC BB 55 3E C9 BF 00 00 30 6B 65 01
2026-07-05 16:46:21.418,CAN1,003,FD,10,73 09 00 C1 BC BB 55 3E B1 BF 00 00 30 38 65 01
2026-07-05 16:46:21.643,CAN1,003,FD,10,73 09 00 C2 BC BB 55 3E D2 BF 00 00 30 67 65 01
2026-07-05 16:46:21.867,CAN1,003,FD,10,73 09 00 C3 BC BB 55 3E DE BF 00 00 30 46 65 01
2026-07-05 16:46:22.093,CAN1,003,FD,10,73 09 00 C4 BC BB 55 3E F3 BF 00 00 30 52 65 01
2026-07-05 16:46:22.317,CAN1,003,FD,10,73 09 00 C5 BC BB 55 3E E9 BF 00 00 30 93 65 01
2026-07-05 16:46:22.542,CAN1,003,FD,10,73 09 00 C6 BC BB 55 3E ED BF 00 00 30 8C 65 01
2026-07-05 16:46:22.766,CAN1,003,FD,10,73 09 00 C7 BC BB 55 3E D8 BF 00 00 30 DA 65 01
2026-07-05 16:46:22.992,CAN1,003,FD,10,73 09 00 C8 BC BB 55 3E C9 BF 00 00 30 6B 65 01
2026-07-05 16:46:23.216,CAN1,003,FD,10,73 09 00 C9 BC BB 55 3E C5 BF 00 00 30 4A 65 01
2026-07-05 16:46:23.441,CAN1,003,FD,10,73 09 00 CA BC BB 55 3E F4 BF 00 00 30 03 65 01
2026-07-05 16:46:23.665,CAN1,003,FD,10,73 09 00 CB BC BB 55 3E D5 BF 00 00 30 36 65 01
2026-07-05 16:46:23.891,CAN1,003,FD,10,73 09 00 CC BC BB 55 3E F1 BF 00 00 30 D1 65 01
2026-07-05 16:46:24.115,CAN1,003,FD,10,73 09 00 CD BC BB 55 3E CD BF 00 00 30 74 65 01
2026-07-05 16:46:24.340,CAN1,003,FD,10,73 09 00 CE BC BB 55 3E E1 BF 00 00 30 AD 65 01
2026-07-05 16:46:24.564,CAN1,003,FD,10,73 09 00 CF BC BB 55 3E C1 BF 00 00 30 55 65 01
2026-07-05 16:46:24.788,CAN1,003,FD,10,73 09 00 D0 BC BB 55 3E DA BF 00 00 30 59 65 01
2026-07-05 16:46:25.014,CAN1,003,FD,10,73 09 00 D1 BC BB 55 3E E9 BF 00 00 30 93 65 01
2026-07-05 16:46:25.238,CAN1,003,FD,10,73 09 00 D2 BC BB 55 3E CE BF 00 00 30 3A 65 01
2026-07-05 16:46:25.345,TX,100,SFF,8,00 00 00 00 00 00 00 00
2026-07-05 16:46:25.463,CAN1,003,FD,10,73 09 00 D3 BC BB 55 3E DE BF 00 00 30 46 65 01
2026-07-05 16:46:25.687,CAN1,003,FD,10,73 09 00 D4 BC BB 55 3E CE BF 00 00 30 3A 65 01
2026-07-05 16:46:25.765,TX,100,SFF,8,00 00 00 00 00 00 00 00
2026-07-05 16:46:25.913,CAN1,003,FD,10,73 09 00 D5 BC BB 55 3E D7 BF 00 00 30 B5 65 01
2026-07-05 16:46:26.027,TX,100,SFF,8,00 00 00 00 00 00 00 00
2026-07-05 16:46:26.137,CAN1,003,FD,10,73 09 00 D6 BC BB 55 3E EC BF 00 00 30 41 65 01
2026-07-05 16:46:26.362,CAN1,003,FD,10,73 09 00 D7 BC BB 55 3E F2 BF 00 00 30 9F 65 01
2026-07-05 16:46:26.586,CAN1,003,FD,10,73 09 00 D8 BC BB 55 3E FE BF 00 00 30 BE 65 01
2026-07-05 16:46:26.812,CAN1,003,FD,10,73 09 00 D9 BC BB 55 3E E6 BF 00 00 30 FC 65 01
2026-07-05 16:46:27.036,CAN1,003,FD,10,73 09 00 DA BC BB 55 3E F5 BF 00 00 30 CE 65 01
2026-07-05 16:46:27.261,CAN1,003,FD,10,73 09 00 DB BC BB 55 3E F3 BF 00 00 30 52 65 01
2026-07-05 16:46:27.485,CAN1,003,FD,10,73 09 00 DC BC BB 55 3E F8 BF 00 00 30 22 65 01
2026-07-05 16:46:27.711,CAN1,003,FD,10,73 09 00 DD BC BB 55 3E F6 BF 00 00 30 80 65 01
2026-07-05 16:46:27.935,CAN1,003,FD,10,73 09 00 DE BC BB 55 3E F5 BF 00 00 30 CE 65 01
2026-07-05 16:46:28.160,CAN1,003,FD,10,73 09 00 DF BC BB 55 3E E7 BF 00 00 30 31 65 01
2026-07-05 16:46:28.384,CAN1,003,FD,10,73 09 00 E0 BC BB 55 3E E7 BF 00 00 30 31 65 01
2026-07-05 16:46:28.610,CAN1,003,FD,10,73 09 00 E1 BC BB 55 3E D9 BF 00 00 30 17 65 01
2026-07-05 16:46:28.834,CAN1,003,FD,10,73 09 00 E2 BC BB 55 3E E0 BF 00 00 30 60 65 01
2026-07-05 16:46:29.058,CAN1,003,FD,10,73 09 00 E3 BC BB 55 3E CE BF 00 00 30 3A 65 01
2026-07-05 16:46:29.283,CAN1,003,FD,10,73 09 00 E4 BC BB 55 3E D0 BF 00 00 30 E4 65 01
2026-07-05 16:46:29.508,CAN1,003,FD,10,73 09 00 E5 BC BB 55 3E EA BF 00 00 30 DD 65 01
2026-07-05 16:46:29.733,CAN1,003,FD,10,73 09 00 E6 BC BB 55 3E D9 BF 00 00 30 17 65 01
2026-07-05 16:46:29.957,CAN1,003,FD,10,73 09 00 E7 BC BB 55 3E DE BF 00 00 30 46 65 01
2026-07-05 16:46:30.182,CAN1,003,FD,10,73 09 00 E8 BC BB 55 3E E9 BF 00 00 30 93 65 01
2026-07-05 16:46:30.407,CAN1,003,FD,10,73 09 00 E9 BC BB 55 3E D4 BF 00 00 30 FB 65 01
2026-07-05 16:46:30.632,CAN1,003,FD,10,73 09 00 EA BC BB 55 3E C3 BF 00 00 30 D6 65 01
2026-07-05 16:46:30.856,CAN1,003,FD,10,73 09 00 EB BC BB 55 3E C8 BF 00 00 30 A6 65 01
2026-07-05 16:46:31.081,CAN1,003,FD,10,73 09 00 EC BC BB 55 3E D3 BF 00 00 30 AA 65 01
2026-07-05 16:46:31.306,CAN1,003,FD,10,73 09 00 ED BC BB 55 3E ED BF 00 00 30 8C 65 01
2026-07-05 16:46:31.531,CAN1,003,FD,10,73 09 00 EE BC BB 55 3E CB BF 00 00 30 E8 65 01
2026-07-05 16:46:31.755,CAN1,003,FD,10,73 09 00 EF BC BB 55 3E E6 BF 00 00 30 FC 65 01
2026-07-05 16:46:31.980,CAN1,003,FD,10,73 09 00 F0 BC BB 55 3E DF BF 00 00 30 8B 65 01
2026-07-05 16:46:32.205,CAN1,003,FD,10,73 09 00 F1 BC BB 55 3E DE BF 00 00 30 46 65 01
2026-07-05 16:46:32.430,CAN1,003,FD,10,73 09 00 F2 BC BB 55 3E F1 BF 00 00 30 D1 65 01
2026-07-05 16:46:32.654,CAN1,003,FD,10,73 09 00 F3 BC BB 55 3E EF BF 00 00 30 0F 65 01
2026-07-05 16:46:32.878,CAN1,003,FD,10,73 09 00 F4 BC BB 55 3E F7 BF 00 00 30 4D 65 00
2026-07-05 16:46:33.104,CAN1,003,FD,10,73 09 00 F5 BC BB 55 3E F2 BF 00 00 30 9F 65 01
2026-07-05 16:46:33.328,CAN1,003,FD,10,73 09 00 F6 BC BB 55 3E EE BF 00 00 30 C2 65 00
2026-07-05 16:46:33.553,CAN1,003,FD,10,73 09 00 F7 BC BB 55 3E F1 BF 00 00 30 D1 65 01
2026-07-05 16:46:33.777,CAN1,003,FD,10,73 09 00 F8 BC BB 55 3E F1 BF 00 00 30 D1 65 01
2026-07-05 16:46:34.003,CAN1,003,FD,10,73 09 00 F9 BC BB 55 3E E6 BF 00 00 30 FC 65 01
2026-07-05 16:46:34.227,CAN1,003,FD,10,73 09 00 FA BC BB 55 3E F3 BF 00 00 30 52 65 01
2026-07-05 16:48:20.968,CAN1,003,FD,10,73 09 00 FB BC BB 55 3E FC BF 00 00 30 3D 65 01
2026-07-05 16:48:20.969,CAN1,003,FD,10,73 09 00 FC BC BB 55 3E D6 BF 00 00 30 78 65 01
2026-07-05 16:48:20.970,CAN1,003,FD,10,73 09 00 FD BC BB 55 3E EC BF 00 00 30 41 65 01
2026-07-05 16:48:20.970,CAN1,003,FD,10,73 09 00 FE BC BB 55 3E F8 BF 00 00 30 22 65 00
2026-07-05 16:48:20.971,CAN1,003,FD,10,73 09 00 FF BC BB 55 3E CC BF 00 00 30 B9 65 00
2026-07-05 16:48:20.973,CAN1,003,FD,10,73 09 00 00 BC BB 55 3E C5 BF 00 00 30 4A 65 01
2026-07-05 16:48:20.974,CAN1,003,FD,10,73 09 00 01 BC BB 55 3E C5 BF 00 00 30 4A 65 01
2026-07-05 16:48:21.194,CAN1,003,FD,10,73 09 00 02 BC BB 55 3E C5 BF 00 00 30 4A 65 01
2026-07-05 16:48:21.418,CAN1,003,FD,10,73 09 00 03 BC BB 55 3E CC BF 00 00 30 B9 65 01
2026-07-05 16:48:21.643,CAN1,003,FD,10,73 09 00 04 BC BB 55 3E DE BF 00 00 30 46 65 01
2026-07-05 16:48:21.867,CAN1,003,FD,10,73 09 00 05 BC BB 55 3E E9 BF 00 00 30 93 65 01
2026-07-05 16:48:22.094,CAN1,003,FD,10,73 09 00 06 BC BB 55 3E CC BF 00 00 30 B9 65 01
2026-07-05 16:48:22.317,CAN1,003,FD,10,73 09 00 07 BC BB 55 3E B6 BF 00 00 30 69 65 01
2026-07-05 16:48:22.542,CAN1,003,FD,10,73 09 00 08 BC BB 55 3E BA BF 00 00 30 48 65 01
2026-07-05 16:48:22.766,CAN1,003,FD,10,73 09 00 09 BC BB 55 3E BB BF 00 00 30 85 65 01
2026-07-05 16:48:22.992,CAN1,003,FD,10,73 09 00 0A BC BB 55 3E BF BF 00 00 30 9A 65 01
2026-07-05 16:48:23.216,CAN1,003,FD,10,73 09 00 0B BC BB 55 3E D0 BF 00 00 30 E4 65 01
2026-07-05 16:48:23.441,CAN1,003,FD,10,73 09 00 0C BC BB 55 3E F6 BF 00 00 30 80 65 01
2026-07-05 16:48:23.665,CAN1,003,FD,10,73 09 00 0D BC BB 55 3E EB BF 00 00 30 10 65 01
2026-07-05 16:48:23.891,CAN1,003,FD,10,73 09 00 0E BC BB 55 3E FC BF 00 00 30 3D 65 01
2026-07-05 16:48:24.115,CAN1,003,FD,10,73 09 00 0F BC BB 55 3E F4 BF 00 00 30 03 65 01
2026-07-05 16:48:24.340,CAN1,003,FD,10,73 09 00 10 BC BB 55 3E F7 BF 00 00 30 4D 65 01
2026-07-05 16:48:24.470,TX,100,SFF,8,00 00 00 00 00 00 00 00
2026-07-05 16:48:24.564,CAN1,003,FD,10,73 09 00 11 BC BB 55 3E EE BF 00 00 30 C2 65 01
2026-07-05 16:48:24.789,CAN1,003,FD,10,73 09 00 12 BC BB 55 3E E4 BF 00 00 30 7F 65 01
2026-07-05 16:48:25.014,CAN1,003,FD,10,73 09 00 13 BC BB 55 3E CA BF 00 00 30 25 65 01
2026-07-05 16:48:25.078,TX,100,SFF,8,00 00 00 00 00 00 00 00
2026-07-05 16:48:25.238,CAN1,003,FD,10,73 09 00 14 BC BB 55 3E EB BF 00 00 30 10 65 01
2026-07-05 16:48:25.311,TX,100,SFF,8,00 00 00 00 00 00 00 00
2026-07-05 16:48:25.463,CAN1,003,FD,10,73 09 00 15 BC BB 55 3E F6 BF 00 00 30 80 65 01
2026-07-05 16:48:25.653,TX,100,SFF,8,00 00 00 00 00 00 00 00
2026-07-05 16:48:25.687,CAN1,003,FD,10,73 09 00 16 BC BB 55 3E F2 BF 00 00 30 9F 65 01
2026-07-05 16:48:25.848,TX,100,SFF,8,00 00 00 00 00 00 00 00
2026-07-05 16:48:25.913,CAN1,003,FD,10,73 09 00 17 BC BB 55 3E EE BF 00 00 30 C2 65 01
2026-07-05 16:48:26.066,TX,100,SFF,8,00 00 00 00 00 00 00 00
2026-07-05 16:48:26.137,CAN1,003,FD,10,73 09 00 18 BC BB 55 3E F8 BF 00 00 30 22 65 01
2026-07-05 16:48:26.277,TX,100,SFF,8,00 00 00 00 00 00 00 00
2026-07-05 16:48:26.362,CAN1,003,FD,10,73 09 00 19 BC BB 55 3E D3 BF 00 00 30 AA 65 01
2026-07-05 16:48:26.516,TX,100,SFF,8,00 00 00 00 00 00 00 00
2026-07-05 16:48:26.586,CAN1,003,FD,10,73 09 00 1A BC BB 55 3E F5 BF 00 00 30 CE 65 01
2026-07-05 16:48:26.857,TX,100,SFF,8,00 00 00 00 00 00 00 00
2026-07-05 16:48:27.036,CAN1,003,FD,10,73 09 00 1C BC BB 55 3E EF BF 00 00 30 0F 65 01
2026-07-05 16:48:27.112,TX,100,SFF,8,00 00 00 00 00 00 00 00
2026-07-05 16:48:27.262,CAN1,003,FD,10,73 09 00 1D BC BB 55 3E DE BF 00 00 30 46 65 01
2026-07-05 16:48:27.338,TX,100,SFF,8,00 00 00 00 00 00 00 00
2026-07-05 16:48:27.486,CAN1,003,FD,10,73 09 00 1E BC BB 55 3E DA BF 00 00 30 59 65 01
2026-07-05 16:48:27.559,TX,100,SFF,8,00 00 00 00 00 00 00 00
2026-07-05 16:48:27.711,CAN1,003,FD,10,73 09 00 1F BC BB 55 3E D4 BF 00 00 30 FB 65 01
2026-07-05 16:48:27.935,CAN1,003,FD,10,73 09 00 20 BC BB 55 3E E9 BF 00 00 30 93 65 01
2026-07-05 16:48:28.160,CAN1,003,FD,10,73 09 00 21 BC BB 55 3E E3 BF 00 00 30 2E 65 01
2026-07-05 16:48:28.384,CAN1,003,FD,10,73 09 00 22 BC BB 55 3E EE BF 00 00 30 C2 65 01
2026-07-05 16:49:44.046,CAN1,003,FD,10,73 09 00 23 BC BB 55 3E EF BF 00 00 30 0F 65 01
2026-07-05 16:49:44.047,CAN1,003,FD,10,73 09 00 24 BC BB 55 3E F0 BF 00 00 30 1C 65 01
2026-07-05 16:49:44.048,CAN1,003,FD,10,73 09 00 25 BC BB 55 3E F4 BF 00 00 30 03 65 01
2026-07-05 16:49:44.048,CAN1,003,FD,10,73 09 00 26 BC BB 55 3E E3 BF 00 00 30 2E 65 00
2026-07-05 16:49:44.049,CAN1,003,FD,10,73 09 00 27 BC BB 55 3E F2 BF 00 00 30 9F 65 01
2026-07-05 16:49:44.049,CAN1,003,FD,10,73 09 00 28 BC BB 55 3E F0 BF 00 00 30 1C 65 01
2026-07-05 16:49:44.116,CAN1,003,FD,10,73 09 00 29 BC BB 55 3E DB BF 00 00 30 94 65 01
2026-07-05 16:49:44.341,CAN1,003,FD,10,73 09 00 2A BC BB 55 3E C9 BF 00 00 30 6B 65 01
2026-07-05 16:49:44.565,CAN1,003,FD,10,73 09 00 2B BC BB 55 3E C2 BF 00 00 30 1B 65 01
2026-07-05 16:49:44.789,CAN1,003,FD,10,73 09 00 2C BC BB 55 3E BF BF 00 00 30 9A 65 01
2026-07-05 16:49:45.015,CAN1,003,FD,10,73 09 00 2D BC BB 55 3E B6 BF 00 00 30 69 65 01
2026-07-05 16:49:45.239,CAN1,003,FD,10,73 09 00 2E BC BB 55 3E C9 BF 00 00 30 6B 65 01
2026-07-05 16:49:45.464,CAN1,003,FD,10,73 09 00 2F BC BB 55 3E BB BF 00 00 30 85 65 01
2026-07-05 16:49:45.688,CAN1,003,FD,10,73 09 00 30 BC BB 55 3E DF BF 00 00 30 8B 65 01
2026-07-05 16:49:45.914,CAN1,003,FD,10,73 09 00 31 BC BB 55 3E DB BF 00 00 30 94 65 01
2026-07-05 16:49:46.138,CAN1,003,FD,10,73 09 00 32 BC BB 55 3E D0 BF 00 00 30 E4 65 01
2026-07-05 16:49:46.363,CAN1,003,FD,10,73 09 00 33 BC BB 55 3E C8 BF 00 00 30 A6 65 01
2026-07-05 16:49:46.587,CAN1,003,FD,10,73 09 00 34 BC BB 55 3E BE BF 00 00 30 57 65 01
2026-07-05 16:49:46.813,CAN1,003,FD,10,73 09 00 35 BC BB 55 3E B4 BF 00 00 30 EA 65 01
2026-07-05 16:49:47.037,CAN1,003,FD,10,73 09 00 36 BC BB 55 3E B5 BF 00 00 30 27 65 01
2026-07-05 16:49:47.262,CAN1,003,FD,10,73 09 00 37 BC BB 55 3E B7 BF 00 00 30 A4 65 01
2026-07-05 16:49:47.486,CAN1,003,FD,10,73 09 00 38 BC BB 55 3E C8 BF 00 00 30 A6 65 01
2026-07-05 16:49:47.712,CAN1,003,FD,10,73 09 00 39 BC BB 55 3E DF BF 00 00 30 8B 65 01
2026-07-05 16:49:47.936,CAN1,003,FD,10,73 09 00 3A BC BB 55 3E D8 BF 00 00 30 DA 65 01
2026-07-05 16:49:48.161,CAN1,003,FD,10,73 09 00 3B BC BB 55 3E E9 BF 00 00 30 93 65 01
2026-07-05 16:49:48.163,TX,100,SFF,8,00 00 00 00 00 00 00 00
2026-07-05 16:49:48.267,TX,100,SFF,8,00 00 00 00 00 00 00 00
2026-07-05 16:49:48.372,TX,100,SFF,8,00 00 00 00 00 00 00 00
2026-07-05 16:49:48.385,CAN1,003,FD,10,73 09 00 3C BC BB 55 3E DF BF 00 00 30 8B 65 01
2026-07-05 16:49:48.481,TX,100,SFF,8,00 00 00 00 00 00 00 00
2026-07-05 16:49:48.591,TX,100,SFF,8,00 00 00 00 00 00 00 00
2026-07-05 16:49:48.611,CAN1,003,FD,10,73 09 00 3D BC BB 55 3E D7 BF 00 00 30 B5 65 01
2026-07-05 16:49:48.701,TX,100,SFF,8,00 00 00 00 00 00 00 00
2026-07-05 16:49:48.781,TX,100,SFF,8,00 00 00 00 00 00 00 00
2026-07-05 16:49:48.835,CAN1,003,FD,10,73 09 00 3E BC BB 55 3E FB BF 00 00 30 6C 65 01
2026-07-05 16:49:48.892,TX,100,SFF,8,00 00 00 00 00 00 00 00
2026-07-05 16:49:49.003,TX,100,SFF,8,00 00 00 00 00 00 00 00
2026-07-05 16:49:49.059,CAN1,003,FD,10,73 09 00 3F BC BB 55 3E FB BF 00 00 30 6C 65 01
2026-07-05 16:49:49.116,TX,100,SFF,8,00 00 00 00 00 00 00 00
2026-07-05 16:49:49.179,TX,100,SFF,8,00 00 00 00 00 00 00 00
2026-07-05 16:49:49.279,TX,100,SFF,8,00 00 00 00 00 00 00 00
2026-07-05 16:49:49.284,CAN1,003,FD,10,73 09 00 40 BC BB 55 3E E2 BF 00 00 30 E3 65 01
2026-07-05 16:49:49.386,TX,100,SFF,8,00 00 00 00 00 00 00 00
2026-07-05 16:49:49.492,TX,100,SFF,8,00 00 00 00 00 00 00 00
2026-07-05 16:49:49.508,CAN1,003,FD,10,73 09 00 41 BC BB 55 3E F4 BF 00 00 30 03 65 01
2026-07-05 16:49:49.600,TX,100,SFF,8,00 00 00 00 00 00 00 00
2026-07-05 16:49:49.680,TX,100,SFF,8,00 00 00 00 00 00 00 00
2026-07-05 16:49:49.734,CAN1,003,FD,10,73 09 00 42 BC BB 55 3E F7 BF 00 00 30 4D 65 01
2026-07-05 16:49:49.790,TX,100,SFF,8,00 00 00 00 00 00 00 00
2026-07-05 16:49:49.958,CAN1,003,FD,10,73 09 00 43 BC BB 55 3E EC BF 00 00 30 41 65 01
2026-07-05 16:49:50.183,CAN1,003,FD,10,73 09 00 44 BC BB 55 3E EC BF 00 00 30 41 65 01
2026-07-05 16:49:50.408,CAN1,003,FD,10,73 09 00 45 BC BB 55 3E EE BF 00 00 30 C2 65 01
2026-07-05 16:49:50.633,CAN1,003,FD,10,73 09 00 46 BC BB 55 3E D4 BF 00 00 30 FB 65 01
2026-07-05 16:49:50.856,CAN1,003,FD,10,73 09 00 47 BC BB 55 3E F5 BF 00 00 30 CE 65 01
2026-07-05 16:49:51.082,CAN1,003,FD,10,73 09 00 48 BC BB 55 3E EF BF 00 00 30 0F 65 01
2026-07-05 16:49:51.307,CAN1,003,FD,10,73 09 00 49 BC BB 55 3E C4 BF 00 00 30 87 65 01
2026-07-05 16:49:51.532,CAN1,003,FD,10,73 09 00 4A BC BB 55 3E D6 BF 00 00 30 78 65 01
2026-07-05 16:49:51.756,CAN1,003,FD,10,73 09 00 4B BC BB 55 3E E0 BF 00 00 30 60 65 01
2026-07-05 16:49:51.981,CAN1,003,FD,10,73 09 00 4C BC BB 55 3E C2 BF 00 00 30 1B 65 01
2026-07-05 16:49:52.206,CAN1,003,FD,10,73 09 00 4D BC BB 55 3E E0 BF 00 00 30 60 65 01
2026-07-05 16:49:52.431,CAN1,003,FD,10,73 09 00 4E BC BB 55 3E B8 BF 00 00 30 CB 65 01
2026-07-05 16:49:52.655,CAN1,003,FD,10,73 09 00 4F BC BB 55 3E E0 BF 00 00 30 60 65 01
2026-07-05 16:49:52.878,CAN1,003,FD,10,73 09 00 50 BC BB 55 3E F1 BF 00 00 30 D1 65 01
2026-07-05 16:49:53.105,CAN1,003,FD,10,73 09 00 51 BC BB 55 3E D6 BF 00 00 30 78 65 01
2026-07-05 16:49:53.329,CAN1,003,FD,10,73 09 00 52 BC BB 55 3E E4 BF 00 00 30 7F 65 01
2026-07-05 16:49:53.554,CAN1,003,FD,10,73 09 00 53 BC BB 55 3E 01 C0 00 00 30 45 65 01
2026-07-05 16:49:53.778,CAN1,003,FD,10,73 09 00 54 BC BB 55 3E E9 BF 00 00 30 93 65 01
2026-07-05 16:49:54.004,CAN1,003,FD,10,73 09 00 55 BC BB 55 3E D9 BF 00 00 30 17 65 01
2026-07-05 16:49:54.228,CAN1,003,FD,10,73 09 00 56 BC BB 55 3E DF BF 00 00 30 8B 65 01
2026-07-05 16:49:54.453,CAN1,003,FD,10,73 09 00 57 BC BB 55 3E BC BF 00 00 30 D4 65 01
2026-07-05 16:49:54.677,CAN1,003,FD,10,73 09 00 58 BC BB 55 3E DE BF 00 00 30 46 65 00
2026-07-05 16:49:54.903,CAN1,003,FD,10,73 09 00 59 BC BB 55 3E E4 BF 00 00 30 7F 65 01
2026-07-05 16:50:02.216,TX,100,SFF,8,00 00 00 00 00 00 00 00
2026-07-05 16:50:02.705,TX,100,SFF,8,00 00 00 00 00 00 00 00
2026-07-05 16:50:03.110,TX,100,SFF,8,00 00 00 00 00 00 00 00
2026-07-05 16:50:03.301,TX,100,SFF,8,00 00 00 00 00 00 00 00
2026-07-05 16:50:03.507,TX,100,SFF,8,00 00 00 00 00 00 00 00
2026-07-05 16:50:03.688,TX,100,SFF,8,00 00 00 00 00 00 00 00
2026-07-05 16:50:03.890,TX,100,SFF,8,00 00 00 00 00 00 00 00
2026-07-05 16:50:04.107,TX,100,SFF,8,00 00 00 00 00 00 00 00
2026-07-05 16:50:04.460,TX,100,SFF,8,00 00 00 00 00 00 00 00
2026-07-05 16:50:15.567,TX,100,SFF,8,00 00 00 00 00 00 00 00
2026-07-05 16:50:16.235,TX,100,SFF,8,00 00 00 00 00 00 00 00
2026-07-05 16:50:16.580,TX,100,SFF,8,00 00 00 00 00 00 00 00
2026-07-05 16:50:17.218,TX,100,SFF,8,00 00 00 00 00 00 00 00
2026-07-05 16:50:17.435,TX,100,SFF,8,00 00 00 00 00 00 00 00
2026-07-05 16:50:19.175,TX,100,SFF,8,00 00 00 00 00 00 00 00
2026-07-05 16:50:19.385,TX,100,SFF,8,00 00 00 00 00 00 00 00
2026-07-05 16:54:11.513,TX,100,SFF,8,00 00 00 00 00 00 00 00
2026-07-05 16:54:12.129,TX,100,SFF,8,00 00 00 00 00 00 00 00
2026-07-05 16:54:12.338,TX,100,SFF,8,00 00 00 00 00 00 00 00
2026-07-05 16:54:12.548,TX,100,SFF,8,00 00 00 00 00 00 00 00
2026-07-05 16:54:12.766,TX,100,SFF,8,00 00 00 00 00 00 00 00
2026-07-05 16:54:13.455,TX,100,SFF,8,00 00 00 00 00 00 00 00
2026-07-05 16:54:13.650,TX,100,SFF,8,00 00 00 00 00 00 00 00
2026-07-05 16:54:23.827,CAN1,003,FD,10,73 09 00 5A BC BB 55 3E EB BF 00 00 30 10 65 01
2026-07-05 16:54:23.828,CAN1,003,FD,10,73 09 00 5B BC BB 55 3E DC BF 00 00 30 C5 65 01
2026-07-05 16:54:23.828,CAN1,003,FD,10,73 09 00 5C BC BB 55 3E E7 BF 00 00 30 31 65 01
2026-07-05 16:54:23.829,CAN1,003,FD,10,73 09 00 5D BC BB 55 3E F8 BF 00 00 30 22 65 00
2026-07-05 16:54:23.829,CAN1,003,FD,10,73 09 00 5E BC BB 55 3E F8 BF 00 00 30 22 65 00
2026-07-05 16:54:23.830,CAN1,003,FD,10,73 09 00 5F BC BB 55 3E EE BF 00 00 30 C2 65 01
2026-07-05 16:54:23.892,CAN1,003,FD,10,73 09 00 60 BC BB 55 3E 00 C0 00 00 30 88 65 01
2026-07-05 16:54:24.116,CAN1,003,FD,10,73 09 00 61 BC BB 55 3E F3 BF 00 00 30 52 65 01
2026-07-05 16:54:24.341,CAN1,003,FD,10,73 09 00 62 BC BB 55 3E FA BF 00 00 30 A1 65 01
2026-07-05 16:54:24.565,CAN1,003,FD,10,73 09 00 63 BC BB 55 3E F5 BF 00 00 30 CE 65 01
2026-07-05 16:54:24.789,CAN1,003,FD,10,73 09 00 64 BC BB 55 3E 01 C0 00 00 30 45 65 01
2026-07-05 16:54:25.015,CAN1,003,FD,10,73 09 00 65 BC BB 55 3E F5 BF 00 00 30 CE 65 01
2026-07-05 16:54:25.239,CAN1,003,FD,10,73 09 00 66 BC BB 55 3E FA BF 00 00 30 A1 65 01
2026-07-05 16:54:25.464,CAN1,003,FD,10,73 09 00 67 BC BB 55 3E FF BF 00 00 30 73 65 01
2026-07-05 16:54:25.688,CAN1,003,FD,10,73 09 00 68 BC BB 55 3E F1 BF 00 00 30 D1 65 01
2026-07-05 16:54:25.914,CAN1,003,FD,10,73 09 00 69 BC BB 55 3E F5 BF 00 00 30 CE 65 01
2026-07-05 16:54:26.138,CAN1,003,FD,10,73 09 00 6A BC BB 55 3E F8 BF 00 00 30 22 65 01
2026-07-05 16:54:26.363,CAN1,003,FD,10,73 09 00 6B BC BB 55 3E FB BF 00 00 30 6C 65 01
2026-07-05 16:54:26.587,CAN1,003,FD,10,73 09 00 6C BC BB 55 3E F8 BF 00 00 30 22 65 01
2026-07-05 16:54:26.813,CAN1,003,FD,10,73 09 00 6D BC BB 55 3E F4 BF 00 00 30 03 65 01
2026-07-05 16:54:27.037,CAN1,003,FD,10,73 09 00 6E BC BB 55 3E 00 C0 00 00 30 88 65 01
2026-07-05 16:54:27.262,CAN1,003,FD,10,73 09 00 6F BC BB 55 3E F3 BF 00 00 30 52 65 01
2026-07-05 16:54:27.486,CAN1,003,FD,10,73 09 00 70 BC BB 55 3E F8 BF 00 00 30 22 65 01
2026-07-05 16:54:27.712,CAN1,003,FD,10,73 09 00 71 BC BB 55 3E F2 BF 00 00 30 9F 65 01
2026-07-05 16:54:27.936,CAN1,003,FD,10,73 09 00 72 BC BB 55 3E FC BF 00 00 30 3D 65 01
2026-07-05 16:54:28.161,CAN1,003,FD,10,73 09 00 73 BC BB 55 3E FB BF 00 00 30 6C 65 01
2026-07-05 16:54:28.385,CAN1,003,FD,10,73 09 00 74 BC BB 55 3E F6 BF 00 00 30 80 65 01
2026-07-05 16:54:28.611,CAN1,003,FD,10,73 09 00 75 BC BB 55 3E F8 BF 00 00 30 22 65 01
2026-07-05 16:54:28.758,TX,100,SFF,8,00 00 00 00 00 00 00 00
2026-07-05 16:54:28.835,CAN1,003,FD,10,73 09 00 76 BC BB 55 3E F6 BF 00 00 30 80 65 01
2026-07-05 16:54:28.943,TX,100,SFF,8,00 00 00 00 00 00 00 00
2026-07-05 16:54:29.059,CAN1,003,FD,10,73 09 00 77 BC BB 55 3E FA BF 00 00 30 A1 65 01
2026-07-05 16:54:29.359,TX,100,SFF,8,00 00 00 00 00 00 00 00
2026-07-05 16:54:29.476,TX,100,SFF,8,00 00 00 00 00 00 00 00
2026-07-05 16:54:29.510,CAN1,003,FD,10,73 09 00 79 BC BB 55 3E F4 BF 00 00 30 03 65 01
2026-07-05 16:54:29.734,CAN1,003,FD,10,73 09 00 7A BC BB 55 3E E6 BF 00 00 30 FC 65 01
2026-07-05 16:54:29.958,CAN1,003,FD,10,73 09 00 7B BC BB 55 3E F1 BF 00 00 30 D1 65 01
2026-07-05 16:55:41.419,CAN1,003,FD,10,73 09 00 C1 BC BB 55 3E F9 BF 00 00 30 EF 65 01
2026-07-05 16:55:41.644,CAN1,003,FD,10,73 09 00 C2 BC BB 55 3E F1 BF 00 00 30 D1 65 01
2026-07-05 16:55:41.868,CAN1,003,FD,10,73 09 00 C3 BC BB 55 3E F9 BF 00 00 30 EF 65 01
2026-07-05 16:55:42.095,CAN1,003,FD,10,73 09 00 C4 BC BB 55 3E F9 BF 00 00 30 EF 65 01
2026-07-05 16:55:42.318,CAN1,003,FD,10,73 09 00 C5 BC BB 55 3E EE BF 00 00 30 C2 65 01
2026-07-05 16:55:42.543,CAN1,003,FD,10,73 09 00 C6 BC BB 55 3E F5 BF 00 00 30 CE 65 01
2026-07-05 16:55:42.767,CAN1,003,FD,10,73 09 00 C7 BC BB 55 3E F1 BF 00 00 30 D1 65 01
2026-07-05 16:55:42.993,CAN1,003,FD,10,73 09 00 C8 BC BB 55 3E F6 BF 00 00 30 80 65 01
2026-07-05 16:55:43.217,CAN1,003,FD,10,73 09 00 C9 BC BB 55 3E F2 BF 00 00 30 9F 65 01
2026-07-05 16:55:43.443,CAN1,003,FD,10,73 09 00 CA BC BB 55 3E F9 BF 00 00 30 EF 65 01
2026-07-05 16:55:43.667,CAN1,003,FD,10,73 09 00 CB BC BB 55 3E F8 BF 00 00 30 22 65 01
2026-07-05 16:55:43.892,CAN1,003,FD,10,73 09 00 CC BC BB 55 3E E3 BF 00 00 30 2E 65 01
2026-07-05 16:55:44.117,CAN1,003,FD,10,73 09 00 CD BC BB 55 3E EF BF 00 00 30 0F 65 01
2026-07-05 16:55:44.341,CAN1,003,FD,10,73 09 00 CE BC BB 55 3E F0 BF 00 00 30 1C 65 01
2026-07-05 16:55:44.565,CAN1,003,FD,10,73 09 00 CF BC BB 55 3E F7 BF 00 00 30 4D 65 01
2026-07-05 16:55:44.790,CAN1,003,FD,10,73 09 00 D0 BC BB 55 3E FA BF 00 00 30 A1 65 01
2026-07-05 16:55:45.015,CAN1,003,FD,10,73 09 00 D1 BC BB 55 3E F7 BF 00 00 30 4D 65 01
2026-07-05 16:55:45.239,CAN1,003,FD,10,73 09 00 D2 BC BB 55 3E F1 BF 00 00 30 D1 65 01
2026-07-05 16:55:45.464,CAN1,003,FD,10,73 09 00 D3 BC BB 55 3E F5 BF 00 00 30 CE 65 01
2026-07-05 16:55:45.688,CAN1,003,FD,10,73 09 00 D4 BC BB 55 3E FA BF 00 00 30 A1 65 01
2026-07-05 16:55:45.914,CAN1,003,FD,10,73 09 00 D5 BC BB 55 3E F4 BF 00 00 30 03 65 01
2026-07-05 16:55:46.138,CAN1,003,FD,10,73 09 00 D6 BC BB 55 3E F8 BF 00 00 30 22 65 01
2026-07-05 16:55:46.364,CAN1,003,FD,10,73 09 00 D7 BC BB 55 3E E9 BF 00 00 30 93 65 01
2026-07-05 16:55:46.587,CAN1,003,FD,10,73 09 00 D8 BC BB 55 3E F9 BF 00 00 30 EF 65 01
2026-07-05 16:55:46.813,CAN1,003,FD,10,73 09 00 D9 BC BB 55 3E E7 BF 00 00 30 31 65 01
2026-07-05 16:55:47.038,CAN1,003,FD,10,73 09 00 DA BC BB 55 3E F0 BF 00 00 30 1C 65 01
2026-07-05 16:55:47.263,CAN1,003,FD,10,73 09 00 DB BC BB 55 3E F3 BF 00 00 30 52 65 01
2026-07-05 16:55:47.486,CAN1,003,FD,10,73 09 00 DC BC BB 55 3E DF BF 00 00 30 8B 65 01
2026-07-05 16:55:47.712,CAN1,003,FD,10,73 09 00 DD BC BB 55 3E F8 BF 00 00 30 22 65 01
2026-07-05 16:55:47.936,CAN1,003,FD,10,73 09 00 DE BC BB 55 3E FD BF 00 00 30 F0 65 01
2026-07-05 16:55:48.161,CAN1,003,FD,10,73 09 00 DF BC BB 55 3E FE BF 00 00 30 BE 65 01
2026-07-05 16:55:48.385,CAN1,003,FD,10,73 09 00 E0 BC BB 55 3E F6 BF 00 00 30 80 65 01
2026-07-05 16:55:48.611,CAN1,003,FD,10,73 09 00 E1 BC BB 55 3E F1 BF 00 00 30 D1 65 01
2026-07-05 16:55:48.835,CAN1,003,FD,10,73 09 00 E2 BC BB 55 3E F8 BF 00 00 30 22 65 01
2026-07-05 16:55:49.059,CAN1,003,FD,10,73 09 00 E3 BC BB 55 3E F1 BF 00 00 30 D1 65 01
2026-07-05 16:55:49.285,CAN1,003,FD,10,73 09 00 E4 BC BB 55 3E F9 BF 00 00 30 EF 65 01
2026-07-05 16:55:49.509,CAN1,003,FD,10,73 09 00 E5 BC BB 55 3E F1 BF 00 00 30 D1 65 01
2026-07-05 16:55:49.735,CAN1,003,FD,10,73 09 00 E6 BC BB 55 3E F3 BF 00 00 30 52 65 01
2026-07-05 16:55:49.958,CAN1,003,FD,10,73 09 00 E7 BC BB 55 3E F5 BF 00 00 30 CE 65 01
2026-07-05 16:55:50.183,CAN1,003,FD,10,73 09 00 E8 BC BB 55 3E DA BF 00 00 30 59 65 01
2026-07-05 16:55:50.408,CAN1,003,FD,10,73 09 00 E9 BC BB 55 3E F6 BF 00 00 30 80 65 01
2026-07-05 16:55:50.634,CAN1,003,FD,10,73 09 00 EA BC BB 55 3E F4 BF 00 00 30 03 65 01
2026-07-05 16:55:50.858,CAN1,003,FD,10,73 09 00 EB BC BB 55 3E EF BF 00 00 30 0F 65 01
2026-07-05 16:55:51.082,CAN1,003,FD,10,73 09 00 EC BC BB 55 3E F7 BF 00 00 30 4D 65 01
2026-07-05 16:55:51.307,CAN1,003,FD,10,73 09 00 ED BC BB 55 3E F0 BF 00 00 30 1C 65 01
2026-07-05 16:55:51.532,CAN1,003,FD,10,73 09 00 EE BC BB 55 3E F6 BF 00 00 30 80 65 01
2026-07-05 16:55:51.756,CAN1,003,FD,10,73 09 00 EF BC BB 55 3E F0 BF 00 00 30 1C 65 01
2026-07-05 16:55:51.981,CAN1,003,FD,10,73 09 00 F0 BC BB 55 3E E8 BF 00 00 30 5E 65 01
2026-07-05 16:55:52.206,CAN1,003,FD,10,73 09 00 F1 BC BB 55 3E F9 BF 00 00 30 EF 65 01
2026-07-05 16:55:52.432,CAN1,003,FD,10,73 09 00 F2 BC BB 55 3E F7 BF 00 00 30 4D 65 01
2026-07-05 16:55:52.656,CAN1,003,FD,10,73 09 00 F3 BC BB 55 3E F3 BF 00 00 30 52 65 01
2026-07-05 16:55:52.879,CAN1,003,FD,10,73 09 00 F4 BC BB 55 3E F2 BF 00 00 30 9F 65 01
2026-07-05 16:55:53.105,CAN1,003,FD,10,73 09 00 F5 BC BB 55 3E F8 BF 00 00 30 22 65 01
2026-07-05 16:55:53.329,CAN1,003,FD,10,73 09 00 F6 BC BB 55 3E F7 BF 00 00 30 4D 65 01
2026-07-05 16:55:53.554,CAN1,003,FD,10,73 09 00 F7 BC BB 55 3E 0B C0 00 00 30 F8 65 01
2026-07-05 16:55:53.779,CAN1,003,FD,10,73 09 00 F8 BC BB 55 3E F1 BF 00 00 30 D1 65 01
2026-07-05 16:55:54.005,CAN1,003,FD,10,73 09 00 F9 BC BB 55 3E FC BF 00 00 30 3D 65 01
2026-07-05 16:55:54.228,CAN1,003,FD,10,73 09 00 FA BC BB 55 3E F9 BF 00 00 30 EF 65 01
2026-07-05 16:55:54.454,CAN1,003,FD,10,73 09 00 FB BC BB 55 3E F3 BF 00 00 30 52 65 01
2026-07-05 16:55:54.677,CAN1,003,FD,10,73 09 00 FC BC BB 55 3E FC BF 00 00 30 3D 65 01
2026-07-05 16:55:54.904,CAN1,003,FD,10,73 09 00 FD BC BB 55 3E ED BF 00 00 30 8C 65 01
2026-07-05 16:55:55.127,CAN1,003,FD,10,73 09 00 FE BC BB 55 3E FA BF 00 00 30 A1 65 01
2026-07-05 16:55:55.352,CAN1,003,FD,10,73 09 00 FF BC BB 55 3E F9 BF 00 00 30 EF 65 01
2026-07-05 16:55:55.577,CAN1,003,FD,10,73 09 00 00 BC BB 55 3E FF BF 00 00 30 73 65 01
2026-07-05 16:55:55.803,CAN1,003,FD,10,73 09 00 01 BC BB 55 3E F3 BF 00 00 30 52 65 01
2026-07-05 16:55:56.027,CAN1,003,FD,10,73 09 00 02 BC BB 55 3E FD BF 00 00 30 F0 65 01
2026-07-05 16:55:56.251,CAN1,003,FD,10,73 09 00 03 BC BB 55 3E F4 BF 00 00 30 03 65 01
2026-07-05 16:55:56.475,CAN1,003,FD,10,73 09 00 04 BC BB 55 3E FA BF 00 00 30 A1 65 01
2026-07-05 16:55:56.702,CAN1,003,FD,10,73 09 00 05 BC BB 55 3E F7 BF 00 00 30 4D 65 01
2026-07-05 16:55:56.926,CAN1,003,FD,10,73 09 00 06 BC BB 55 3E FD BF 00 00 30 F0 65 01
2026-07-05 16:55:57.149,CAN1,003,FD,10,73 09 00 07 BC BB 55 3E E2 BF 00 00 30 E3 65 01
2026-07-05 16:55:57.375,CAN1,003,FD,10,73 09 00 08 BC BB 55 3E F8 BF 00 00 30 22 65 01
2026-07-05 16:55:57.600,CAN1,003,FD,10,73 09 00 09 BC BB 55 3E F5 BF 00 00 30 CE 65 01
2026-07-05 16:55:57.824,CAN1,003,FD,10,73 09 00 0A BC BB 55 3E F8 BF 00 00 30 22 65 01
2026-07-05 16:55:58.049,CAN1,003,FD,10,73 09 00 0B BC BB 55 3E F9 BF 00 00 30 EF 65 01
2026-07-05 16:55:58.274,CAN1,003,FD,10,73 09 00 0C BC BB 55 3E FA BF 00 00 30 A1 65 01
2026-07-05 16:55:58.499,CAN1,003,FD,10,73 09 00 0D BC BB 55 3E F9 BF 00 00 30 EF 65 01
2026-07-05 16:55:58.723,CAN1,003,FD,10,73 09 00 0E BC BB 55 3E F4 BF 00 00 30 03 65 01
2026-07-05 16:55:58.947,CAN1,003,FD,10,73 09 00 0F BC BB 55 3E F3 BF 00 00 30 52 65 01
2026-07-05 16:55:59.173,CAN1,003,FD,10,73 09 00 10 BC BB 55 3E F4 BF 00 00 30 03 65 01
2026-07-05 16:55:59.398,CAN1,003,FD,10,73 09 00 11 BC BB 55 3E F1 BF 00 00 30 D1 65 01
2026-07-05 16:55:59.623,CAN1,003,FD,10,73 09 00 12 BC BB 55 3E F5 BF 00 00 30 CE 65 01
2026-07-05 16:55:59.846,CAN1,003,FD,10,73 09 00 13 BC BB 55 3E F6 BF 00 00 30 80 65 01
2026-07-05 16:56:00.071,CAN1,003,FD,10,73 09 00 14 BC BB 55 3E E2 BF 00 00 30 E3 65 01
2026-07-05 16:56:00.297,CAN1,003,FD,10,73 09 00 15 BC BB 55 3E F7 BF 00 00 30 4D 65 01
2026-07-05 16:56:00.522,CAN1,003,FD,10,73 09 00 16 BC BB 55 3E F0 BF 00 00 30 1C 65 01
2026-07-05 16:56:00.745,CAN1,003,FD,10,73 09 00 17 BC BB 55 3E E8 BF 00 00 30 5E 65 01
2026-07-05 16:56:00.969,CAN1,003,FD,10,73 09 00 18 BC BB 55 3E 04 C0 00 00 30 97 65 01
2026-07-05 16:56:01.196,CAN1,003,FD,10,73 09 00 19 BC BB 55 3E F9 BF 00 00 30 EF 65 01
2026-07-05 16:56:01.419,CAN1,003,FD,10,73 09 00 1A BC BB 55 3E F5 BF 00 00 30 CE 65 01
2026-07-05 16:56:01.645,CAN1,003,FD,10,73 09 00 1B BC BB 55 3E EC BF 00 00 30 41 65 01
2026-07-05 16:56:01.869,CAN1,003,FD,10,73 09 00 1C BC BB 55 3E DB BF 00 00 30 94 65 01
2026-07-05 16:56:02.094,CAN1,003,FD,10,73 09 00 1D BC BB 55 3E F0 BF 00 00 30 1C 65 01
2026-07-05 16:56:02.319,CAN1,003,FD,10,73 09 00 1E BC BB 55 3E F7 BF 00 00 30 4D 65 01
2026-07-05 16:56:02.543,CAN1,003,FD,10,73 09 00 1F BC BB 55 3E C4 BF 00 00 30 87 65 01
2026-07-05 16:56:02.768,CAN1,003,FD,10,73 09 00 20 BC BB 55 3E CE BF 00 00 30 3A 65 01
2026-07-05 16:56:02.993,CAN1,003,FD,10,73 09 00 21 BC BB 55 3E E6 BF 00 00 30 FC 65 01
2026-07-05 16:56:03.218,CAN1,003,FD,10,73 09 00 22 BC BB 55 3E DF BF 00 00 30 8B 65 01
2026-07-05 16:56:03.443,CAN1,003,FD,10,73 09 00 23 BC BB 55 3E F1 BF 00 00 30 D1 65 01
2026-07-05 16:56:03.666,CAN1,003,FD,10,73 09 00 24 BC BB 55 3E F6 BF 00 00 30 80 65 01
2026-07-05 16:56:03.892,CAN1,003,FD,10,73 09 00 25 BC BB 55 3E EC BF 00 00 30 41 65 01
2026-07-05 16:56:04.116,CAN1,003,FD,10,73 09 00 26 BC BB 55 3E F7 BF 00 00 30 4D 65 01
2026-07-05 16:56:04.342,CAN1,003,FD,10,73 09 00 27 BC BB 55 3E DB BF 00 00 30 94 65 01
2026-07-05 16:56:04.565,CAN1,003,FD,10,73 09 00 28 BC BB 55 3E EF BF 00 00 30 0F 65 01
2026-07-05 16:56:04.790,CAN1,003,FD,10,73 09 00 29 BC BB 55 3E B8 BF 00 00 30 CB 65 01
2026-07-05 16:56:05.016,CAN1,003,FD,10,73 09 00 2A BC BB 55 3E C6 BF 00 00 30 04 65 01
2026-07-05 16:56:05.240,CAN1,003,FD,10,73 09 00 2B BC BB 55 3E BB BF 00 00 30 85 65 01
2026-07-05 16:56:05.465,CAN1,003,FD,10,73 09 00 2C BC BB 55 3E D0 BF 00 00 30 E4 65 01
2026-07-05 16:56:05.689,CAN1,003,FD,10,73 09 00 2D BC BB 55 3E F2 BF 00 00 30 9F 65 01
2026-07-05 16:56:05.915,CAN1,003,FD,10,73 09 00 2E BC BB 55 3E DC BF 00 00 30 C5 65 01
2026-07-05 16:56:06.139,CAN1,003,FD,10,73 09 00 2F BC BB 55 3E F1 BF 00 00 30 D1 65 01
2026-07-05 16:56:06.363,CAN1,003,FD,10,73 09 00 30 BC BB 55 3E D3 BF 00 00 30 AA 65 01
2026-07-05 16:56:06.587,CAN1,003,FD,10,73 09 00 31 BC BB 55 3E F0 BF 00 00 30 1C 65 01
2026-07-05 16:56:06.814,CAN1,003,FD,10,73 09 00 32 BC BB 55 3E F4 BF 00 00 30 03 65 01
2026-07-05 16:56:07.038,CAN1,003,FD,10,73 09 00 33 BC BB 55 3E DE BF 00 00 30 46 65 01
2026-07-05 16:56:07.263,CAN1,003,FD,10,73 09 00 34 BC BB 55 3E EB BF 00 00 30 10 65 01
2026-07-05 16:56:07.486,CAN1,003,FD,10,73 09 00 35 BC BB 55 3E DA BF 00 00 30 59 65 01
2026-07-05 16:56:07.713,CAN1,003,FD,10,73 09 00 36 BC BB 55 3E D6 BF 00 00 30 78 65 01
2026-07-05 16:56:07.936,CAN1,003,FD,10,73 09 00 37 BC BB 55 3E CA BF 00 00 30 25 65 01
2026-07-05 16:56:08.162,CAN1,003,FD,10,73 09 00 38 BC BB 55 3E CE BF 00 00 30 3A 65 01
2026-07-05 16:56:08.386,CAN1,003,FD,10,73 09 00 39 BC BB 55 3E F6 BF 00 00 30 80 65 01
2026-07-05 16:56:08.612,CAN1,003,FD,10,73 09 00 3A BC BB 55 3E F8 BF 00 00 30 22 65 01
2026-07-05 16:56:08.836,CAN1,003,FD,10,73 09 00 3B BC BB 55 3E D3 BF 00 00 30 AA 65 01
2026-07-05 16:56:09.060,CAN1,003,FD,10,73 09 00 3C BC BB 55 3E DF BF 00 00 30 8B 65 01
2026-07-05 16:56:09.285,CAN1,003,FD,10,73 09 00 3D BC BB 55 3E C9 BF 00 00 30 6B 65 01
2026-07-05 16:56:09.510,CAN1,003,FD,10,73 09 00 3E BC BB 55 3E F5 BF 00 00 30 CE 65 01
2026-07-05 16:56:09.735,CAN1,003,FD,10,73 09 00 3F BC BB 55 3E E3 BF 00 00 30 2E 65 01
2026-07-05 16:56:09.959,CAN1,003,FD,10,73 09 00 40 BC BB 55 3E E7 BF 00 00 30 31 65 01
2026-07-05 16:56:10.184,CAN1,003,FD,10,73 09 00 41 BC BB 55 3E E3 BF 00 00 30 2E 65 01
2026-07-05 16:56:10.408,CAN1,003,FD,10,73 09 00 42 BC BB 55 3E F6 BF 00 00 30 80 65 01
2026-07-05 16:56:10.634,CAN1,003,FD,10,73 09 00 43 BC BB 55 3E F4 BF 00 00 30 03 65 01
2026-07-05 16:56:10.858,CAN1,003,FD,10,73 09 00 44 BC BB 55 3E F4 BF 00 00 30 03 65 01
2026-07-05 16:56:11.083,CAN1,003,FD,10,73 09 00 45 BC BB 55 3E F3 BF 00 00 30 52 65 01
2026-07-05 16:56:11.307,CAN1,003,FD,10,73 09 00 46 BC BB 55 3E F5 BF 00 00 30 CE 65 01
2026-07-05 16:56:11.533,CAN1,003,FD,10,73 09 00 47 BC BB 55 3E F8 BF 00 00 30 22 65 01
2026-07-05 16:56:11.757,CAN1,003,FD,10,73 09 00 48 BC BB 55 3E ED BF 00 00 30 8C 65 01
2026-07-05 16:56:11.981,CAN1,003,FD,10,73 09 00 49 BC BB 55 3E FB BF 00 00 30 6C 65 01
2026-07-05 16:56:12.207,CAN1,003,FD,10,73 09 00 4A BC BB 55 3E F6 BF 00 00 30 80 65 01
2026-07-05 16:56:12.432,CAN1,003,FD,10,73 09 00 4B BC BB 55 3E F5 BF 00 00 30 CE 65 01
2026-07-05 16:56:12.656,CAN1,003,FD,10,73 09 00 4C BC BB 55 3E FD BF 00 00 30 F0 65 01
2026-07-05 16:56:12.879,CAN1,003,FD,10,73 09 00 4D BC BB 55 3E F7 BF 00 00 30 4D 65 01
2026-07-05 16:56:13.106,CAN1,003,FD,10,73 09 00 4E BC BB 55 3E ED BF 00 00 30 8C 65 01
2026-07-05 16:56:13.330,CAN1,003,FD,10,73 09 00 4F BC BB 55 3E F0 BF 00 00 30 1C 65 01
2026-07-05 16:56:13.555,CAN1,003,FD,10,73 09 00 50 BC BB 55 3E F6 BF 00 00 30 80 65 01
2026-07-05 16:56:13.779,CAN1,003,FD,10,73 09 00 51 BC BB 55 3E F3 BF 00 00 30 52 65 01
2026-07-05 16:56:14.004,CAN1,003,FD,10,73 09 00 52 BC BB 55 3E F8 BF 00 00 30 22 65 01
2026-07-05 16:56:14.229,CAN1,003,FD,10,73 09 00 53 BC BB 55 3E FC BF 00 00 30 3D 65 01
2026-07-05 16:56:14.454,CAN1,003,FD,10,73 09 00 54 BC BB 55 3E EB BF 00 00 30 10 65 01
2026-07-05 16:56:14.678,CAN1,003,FD,10,73 09 00 55 BC BB 55 3E F7 BF 00 00 30 4D 65 01
2026-07-05 16:56:14.904,CAN1,003,FD,10,73 09 00 56 BC BB 55 3E F8 BF 00 00 30 22 65 01
2026-07-05 16:56:15.128,CAN1,003,FD,10,73 09 00 57 BC BB 55 3E FC BF 00 00 30 3D 65 01
2026-07-05 16:56:15.352,CAN1,003,FD,10,73 09 00 58 BC BB 55 3E E0 BF 00 00 30 60 65 01
2026-07-05 16:56:15.576,CAN1,003,FD,10,73 09 00 59 BC BB 55 3E F8 BF 00 00 30 22 65 01
2026-07-05 16:56:15.803,CAN1,003,FD,10,73 09 00 5A BC BB 55 3E F8 BF 00 00 30 22 65 01
2026-07-05 16:56:16.027,CAN1,003,FD,10,73 09 00 5B BC BB 55 3E F4 BF 00 00 30 03 65 01
2026-07-05 16:56:16.252,CAN1,003,FD,10,73 09 00 5C BC BB 55 3E F7 BF 00 00 30 4D 65 01
2026-07-05 16:56:16.475,CAN1,003,FD,10,73 09 00 5D BC BB 55 3E FB BF 00 00 30 6C 65 01
2026-07-05 16:56:16.702,CAN1,003,FD,10,73 09 00 5E BC BB 55 3E F2 BF 00 00 30 9F 65 01
2026-07-05 16:56:16.925,CAN1,003,FD,10,73 09 00 5F BC BB 55 3E F1 BF 00 00 30 D1 65 01
2026-07-05 16:56:17.149,CAN1,003,FD,10,73 09 00 60 BC BB 55 3E F6 BF 00 00 30 80 65 01
2026-07-05 16:56:17.375,CAN1,003,FD,10,73 09 00 61 BC BB 55 3E FC BF 00 00 30 3D 65 01
2026-07-05 16:56:17.599,CAN1,003,FD,10,73 09 00 62 BC BB 55 3E FC BF 00 00 30 3D 65 01
2026-07-05 16:56:17.825,CAN1,003,FD,10,73 09 00 63 BC BB 55 3E F1 BF 00 00 30 D1 65 01
2026-07-05 16:56:18.049,CAN1,003,FD,10,73 09 00 64 BC BB 55 3E F7 BF 00 00 30 4D 65 01
2026-07-05 16:56:18.273,CAN1,003,FD,10,73 09 00 65 BC BB 55 3E F8 BF 00 00 30 22 65 01
2026-07-05 16:56:18.499,CAN1,003,FD,10,73 09 00 66 BC BB 55 3E F8 BF 00 00 30 22 65 01
2026-07-05 16:56:18.724,CAN1,003,FD,10,73 09 00 67 BC BB 55 3E F9 BF 00 00 30 EF 65 01
2026-07-05 16:56:18.948,CAN1,003,FD,10,73 09 00 68 BC BB 55 3E F4 BF 00 00 30 03 65 01
2026-07-05 16:56:19.173,CAN1,003,FD,10,73 09 00 69 BC BB 55 3E F3 BF 00 00 30 52 65 01
2026-07-05 16:56:19.398,CAN1,003,FD,10,73 09 00 6A BC BB 55 3E F7 BF 00 00 30 4D 65 01
2026-07-05 16:56:19.623,CAN1,003,FD,10,73 09 00 6B BC BB 55 3E F8 BF 00 00 30 22 65 01
2026-07-05 16:56:19.847,CAN1,003,FD,10,73 09 00 6C BC BB 55 3E F4 BF 00 00 30 03 65 01
2026-07-05 16:56:20.072,CAN1,003,FD,10,73 09 00 6D BC BB 55 3E FC BF 00 00 30 3D 65 01
2026-07-05 16:56:20.297,CAN1,003,FD,10,73 09 00 6E BC BB 55 3E F8 BF 00 00 30 22 65 01
2026-07-05 16:56:20.522,CAN1,003,FD,10,73 09 00 6F BC BB 55 3E F6 BF 00 00 30 80 65 01
2026-07-05 16:56:20.746,CAN1,003,FD,10,73 09 00 70 BC BB 55 3E F6 BF 00 00 30 80 65 01
2026-07-05 16:56:20.969,CAN1,003,FD,10,73 09 00 71 BC BB 55 3E FB BF 00 00 30 6C 65 01
2026-07-05 16:56:21.195,CAN1,003,FD,10,73 09 00 72 BC BB 55 3E F8 BF 00 00 30 22 65 01
2026-07-05 16:56:21.420,CAN1,003,FD,10,73 09 00 73 BC BB 55 3E E6 BF 00 00 30 FC 65 01
2026-07-05 16:56:21.644,CAN1,003,FD,10,73 09 00 74 BC BB 55 3E F0 BF 00 00 30 1C 65 01
2026-07-05 16:56:21.869,CAN1,003,FD,10,73 09 00 75 BC BB 55 3E FA BF 00 00 30 A1 65 01
2026-07-05 16:56:22.094,CAN1,003,FD,10,73 09 00 76 BC BB 55 3E EB BF 00 00 30 10 65 01
2026-07-05 16:56:22.319,CAN1,003,FD,10,73 09 00 77 BC BB 55 3E F4 BF 00 00 30 03 65 01
2026-07-05 16:56:22.544,CAN1,003,FD,10,73 09 00 78 BC BB 55 3E F7 BF 00 00 30 4D 65 01
2026-07-05 16:56:22.768,CAN1,003,FD,10,73 09 00 79 BC BB 55 3E F7 BF 00 00 30 4D 65 01
2026-07-05 16:56:22.994,CAN1,003,FD,10,73 09 00 7A BC BB 55 3E EE BF 00 00 30 C2 65 01
2026-07-05 16:56:23.217,CAN1,003,FD,10,73 09 00 7B BC BB 55 3E F6 BF 00 00 30 80 65 01
2026-07-05 16:56:23.443,CAN1,003,FD,10,73 09 00 7C BC BB 55 3E F4 BF 00 00 30 03 65 01
2026-07-05 16:56:23.667,CAN1,003,FD,10,73 09 00 7D BC BB 55 3E F3 BF 00 00 30 52 65 01
2026-07-05 16:56:23.893,CAN1,003,FD,10,73 09 00 7E BC BB 55 3E FB BF 00 00 30 6C 65 01
2026-07-05 16:56:24.117,CAN1,003,FD,10,73 09 00 7F BC BB 55 3E F5 BF 00 00 30 CE 65 01
2026-07-05 16:56:24.342,CAN1,003,FD,10,73 09 00 80 BC BB 55 3E F3 BF 00 00 30 52 65 01
2026-07-05 16:56:24.565,CAN1,003,FD,10,73 09 00 81 BC BB 55 3E F1 BF 00 00 30 D1 65 01
2026-07-05 16:56:24.790,CAN1,003,FD,10,73 09 00 82 BC BB 55 3E F9 BF 00 00 30 EF 65 01
2026-07-05 16:56:25.016,CAN1,003,FD,10,73 09 00 83 BC BB 55 3E E9 BF 00 00 30 93 65 01
2026-07-05 16:56:25.240,CAN1,003,FD,10,73 09 00 84 BC BB 55 3E E9 BF 00 00 30 93 65 01
2026-07-05 16:56:25.464,CAN1,003,FD,10,73 09 00 85 BC BB 55 3E F9 BF 00 00 30 EF 65 01
2026-07-05 16:56:25.688,CAN1,003,FD,10,73 09 00 86 BC BB 55 3E F8 BF 00 00 30 22 65 01
2026-07-05 16:56:25.915,CAN1,003,FD,10,73 09 00 87 BC BB 55 3E E8 BF 00 00 30 5E 65 01
2026-07-05 16:56:26.139,CAN1,003,FD,10,73 09 00 88 BC BB 55 3E F3 BF 00 00 30 52 65 01
2026-07-05 16:56:26.364,CAN1,003,FD,10,73 09 00 89 BC BB 55 3E E9 BF 00 00 30 93 65 01
2026-07-05 16:56:26.587,CAN1,003,FD,10,73 09 00 8A BC BB 55 3E FD BF 00 00 30 F0 65 01
2026-07-05 16:56:26.814,CAN1,003,FD,10,73 09 00 8B BC BB 55 3E F7 BF 00 00 30 4D 65 01
2026-07-05 16:56:27.038,CAN1,003,FD,10,73 09 00 8C BC BB 55 3E F8 BF 00 00 30 22 65 01
2026-07-05 16:56:27.263,CAN1,003,FD,10,73 09 00 8D BC BB 55 3E F4 BF 00 00 30 03 65 01
2026-07-05 16:56:27.487,CAN1,003,FD,10,73 09 00 8E BC BB 55 3E ED BF 00 00 30 8C 65 01
2026-07-05 16:56:27.713,CAN1,003,FD,10,73 09 00 8F BC BB 55 3E EB BF 00 00 30 10 65 01
2026-07-05 16:56:27.937,CAN1,003,FD,10,73 09 00 90 BC BB 55 3E EE BF 00 00 30 C2 65 01
2026-07-05 16:56:28.162,CAN1,003,FD,10,73 09 00 91 BC BB 55 3E 0D C0 00 00 30 64 65 01
2026-07-05 16:56:28.386,CAN1,003,FD,10,73 09 00 92 BC BB 55 3E F4 BF 00 00 30 03 65 01
2026-07-05 16:56:28.612,CAN1,003,FD,10,73 09 00 93 BC BB 55 3E F8 BF 00 00 30 22 65 01
2026-07-05 16:56:28.836,CAN1,003,FD,10,73 09 00 94 BC BB 55 3E F3 BF 00 00 30 52 65 01
2026-07-05 16:56:29.060,CAN1,003,FD,10,73 09 00 95 BC BB 55 3E E9 BF 00 00 30 93 65 01
2026-07-05 16:56:29.285,CAN1,003,FD,10,73 09 00 96 BC BB 55 3E F7 BF 00 00 30 4D 65 01
2026-07-05 16:56:29.510,CAN1,003,FD,10,73 09 00 97 BC BB 55 3E 00 C0 00 00 30 88 65 01
2026-07-05 16:56:29.735,CAN1,003,FD,10,73 09 00 98 BC BB 55 3E F8 BF 00 00 30 22 65 01
2026-07-05 16:56:29.959,CAN1,003,FD,10,73 09 00 99 BC BB 55 3E EB BF 00 00 30 10 65 01
2026-07-05 16:56:30.184,CAN1,003,FD,10,73 09 00 9A BC BB 55 3E E7 BF 00 00 30 31 65 01
2026-07-05 16:56:30.409,CAN1,003,FD,10,73 09 00 9B BC BB 55 3E D9 BF 00 00 30 17 65 01
2026-07-05 16:56:30.634,CAN1,003,FD,10,73 09 00 9C BC BB 55 3E E6 BF 00 00 30 FC 65 01
2026-07-05 16:56:30.858,CAN1,003,FD,10,73 09 00 9D BC BB 55 3E E6 BF 00 00 30 FC 65 01
2026-07-05 16:56:31.083,CAN1,003,FD,10,73 09 00 9E BC BB 55 3E D4 BF 00 00 30 FB 65 01
2026-07-05 16:56:31.308,CAN1,003,FD,10,73 09 00 9F BC BB 55 3E F8 BF 00 00 30 22 65 01
2026-07-05 16:56:31.533,CAN1,003,FD,10,73 09 00 A0 BC BB 55 3E F0 BF 00 00 30 1C 65 01
2026-07-05 16:56:31.757,CAN1,003,FD,10,73 09 00 A1 BC BB 55 3E F8 BF 00 00 30 22 65 01
2026-07-05 16:56:31.982,CAN1,003,FD,10,73 09 00 A2 BC BB 55 3E E6 BF 00 00 30 FC 65 01
2026-07-05 16:56:32.207,CAN1,003,FD,10,73 09 00 A3 BC BB 55 3E F8 BF 00 00 30 22 65 01
2026-07-05 16:56:32.432,CAN1,003,FD,10,73 09 00 A4 BC BB 55 3E E6 BF 00 00 30 FC 65 01
2026-07-05 16:56:32.656,CAN1,003,FD,10,73 09 00 A5 BC BB 55 3E F7 BF 00 00 30 4D 65 01
2026-07-05 16:56:32.880,CAN1,003,FD,10,73 09 00 A6 BC BB 55 3E E8 BF 00 00 30 5E 65 01
2026-07-05 16:56:33.106,CAN1,003,FD,10,73 09 00 A7 BC BB 55 3E DD BF 00 00 30 08 65 01
2026-07-05 16:56:33.330,CAN1,003,FD,10,73 09 00 A8 BC BB 55 3E CD BF 00 00 30 74 65 01
2026-07-05 16:56:33.555,CAN1,003,FD,10,73 09 00 A9 BC BB 55 3E F4 BF 00 00 30 03 65 01
2026-07-05 16:56:33.779,CAN1,003,FD,10,73 09 00 AA BC BB 55 3E F2 BF 00 00 30 9F 65 01
2026-07-05 16:56:34.005,CAN1,003,FD,10,73 09 00 AB BC BB 55 3E F5 BF 00 00 30 CE 65 01
2026-07-05 16:56:34.229,CAN1,003,FD,10,73 09 00 AC BC BB 55 3E F2 BF 00 00 30 9F 65 01
2026-07-05 16:56:34.454,CAN1,003,FD,10,73 09 00 AD BC BB 55 3E F1 BF 00 00 30 D1 65 01
2026-07-05 16:56:34.678,CAN1,003,FD,10,73 09 00 AE BC BB 55 3E F6 BF 00 00 30 80 65 01
2026-07-05 16:56:34.904,CAN1,003,FD,10,73 09 00 AF BC BB 55 3E E3 BF 00 00 30 2E 65 01
2026-07-05 16:56:35.128,CAN1,003,FD,10,73 09 00 B0 BC BB 55 3E D2 BF 00 00 30 67 65 01
2026-07-05 16:56:35.353,CAN1,003,FD,10,73 09 00 B1 BC BB 55 3E F4 BF 00 00 30 03 65 01
2026-07-05 16:57:56.825,CAN1,003,FD,10,73 09 00 B2 BC BB 55 3E E8 BF 00 00 30 5E 65 01
2026-07-05 16:57:56.825,CAN1,003,FD,10,73 09 00 B3 BC BB 55 3E F8 BF 00 00 30 22 65 01
2026-07-05 16:57:56.826,CAN1,003,FD,10,73 09 00 B4 BC BB 55 3E F8 BF 00 00 30 22 65 01
2026-07-05 16:57:56.826,CAN1,003,FD,10,73 09 00 B5 BC BB 55 3E F5 BF 00 00 30 CE 65 00
2026-07-05 16:57:56.827,CAN1,003,FD,10,73 09 00 B6 BC BB 55 3E F3 BF 00 00 30 52 65 00
2026-07-05 16:57:56.828,CAN1,003,FD,10,73 09 00 B7 BC BB 55 3E F3 BF 00 00 30 52 65 01
2026-07-05 16:57:56.926,CAN1,003,FD,10,73 09 00 B8 BC BB 55 3E F0 BF 00 00 30 1C 65 01
2026-07-05 16:57:57.150,CAN1,003,FD,10,73 09 00 B9 BC BB 55 3E 00 C0 00 00 30 88 65 01
2026-07-05 16:57:57.375,CAN1,003,FD,10,73 09 00 BA BC BB 55 3E F6 BF 00 00 30 80 65 01
2026-07-05 16:57:57.600,CAN1,003,FD,10,73 09 00 BB BC BB 55 3E F2 BF 00 00 30 9F 65 01
2026-07-05 16:57:57.825,CAN1,003,FD,10,73 09 00 BC BC BB 55 3E 00 C0 00 00 30 88 65 01
2026-07-05 16:57:58.049,CAN1,003,FD,10,73 09 00 BD BC BB 55 3E EE BF 00 00 30 C2 65 01
2026-07-05 16:58:00.914,CAN1,003,FD,10,73 09 00 BE BC BB 55 3E F5 BF 00 00 30 CE 65 01
2026-07-05 16:58:00.915,CAN1,003,FD,10,73 09 00 BF BC BB 55 3E F8 BF 00 00 30 22 65 01
2026-07-05 16:58:00.916,CAN1,003,FD,10,73 09 00 C0 BC BB 55 3E F9 BF 00 00 30 EF 65 01
2026-07-05 16:58:00.917,CAN1,003,FD,10,73 09 00 C1 BC BB 55 3E 01 C0 00 00 30 45 65 00
2026-07-05 16:58:00.918,CAN1,003,FD,10,73 09 00 C2 BC BB 55 3E F1 BF 00 00 30 D1 65 00
2026-07-05 16:58:00.920,CAN1,003,FD,10,73 09 00 C3 BC BB 55 3E E0 BF 00 00 30 60 65 01
2026-07-05 16:58:00.970,CAN1,003,FD,10,73 09 00 C4 BC BB 55 3E D1 BF 00 00 30 29 65 01
2026-07-05 16:58:01.196,CAN1,003,FD,10,73 09 00 C5 BC BB 55 3E DD BF 00 00 30 08 65 01
2026-07-05 16:58:01.420,CAN1,003,FD,10,73 09 00 C6 BC BB 55 3E EA BF 00 00 30 DD 65 01
2026-07-05 16:58:09.846,CAN1,003,FD,10,73 09 00 C7 BC BB 55 3E F9 BF 00 00 30 EF 65 01
2026-07-05 16:58:09.847,CAN1,003,FD,10,73 09 00 C8 BC BB 55 3E F0 BF 00 00 30 1C 65 01
2026-07-05 16:58:09.847,CAN1,003,FD,10,73 09 00 C9 BC BB 55 3E F9 BF 00 00 30 EF 65 01
2026-07-05 16:58:09.849,CAN1,003,FD,10,73 09 00 CA BC BB 55 3E F5 BF 00 00 30 CE 65 00
2026-07-05 16:58:09.850,CAN1,003,FD,10,73 09 00 CB BC BB 55 3E EE BF 00 00 30 C2 65 00
2026-07-05 16:58:09.851,CAN1,003,FD,10,73 09 00 CC BC BB 55 3E D8 BF 00 00 30 DA 65 01
2026-07-05 16:58:09.959,CAN1,003,FD,10,73 09 00 CD BC BB 55 3E F8 BF 00 00 30 22 65 01
2026-07-05 16:58:10.184,CAN1,003,FD,10,73 09 00 CE BC BB 55 3E EE BF 00 00 30 C2 65 01
2026-07-05 16:58:10.409,CAN1,003,FD,10,73 09 00 CF BC BB 55 3E F9 BF 00 00 30 EF 65 01
2026-07-05 16:58:10.634,CAN1,003,FD,10,73 09 00 D0 BC BB 55 3E 01 C0 00 00 30 45 65 01
2026-07-05 16:58:10.858,CAN1,003,FD,10,73 09 00 D1 BC BB 55 3E F5 BF 00 00 30 CE 65 01
2026-07-05 16:58:11.083,CAN1,003,FD,10,73 09 00 D2 BC BB 55 3E F1 BF 00 00 30 D1 65 01
2026-07-05 16:58:11.308,CAN1,003,FD,10,73 09 00 D3 BC BB 55 3E F9 BF 00 00 30 EF 65 01
2026-07-05 16:58:11.533,CAN1,003,FD,10,73 09 00 D4 BC BB 55 3E F1 BF 00 00 30 D1 65 01
2026-07-05 16:58:11.757,CAN1,003,FD,10,73 09 00 D5 BC BB 55 3E 00 C0 00 00 30 88 65 01
2026-07-05 16:58:11.982,CAN1,003,FD,10,73 09 00 D6 BC BB 55 3E F6 BF 00 00 30 80 65 01
2026-07-05 16:58:12.207,CAN1,003,FD,10,73 09 00 D7 BC BB 55 3E F4 BF 00 00 30 03 65 01
2026-07-05 16:58:12.432,CAN1,003,FD,10,73 09 00 D8 BC BB 55 3E CC BF 00 00 30 B9 65 01
2026-07-05 16:58:12.656,CAN1,003,FD,10,73 09 00 D9 BC BB 55 3E E3 BF 00 00 30 2E 65 01
2026-07-05 16:58:12.880,CAN1,003,FD,10,73 09 00 DA BC BB 55 3E F7 BF 00 00 30 4D 65 01
2026-07-05 16:58:32.285,CAN1,003,FD,10,73 09 00 DB BC BB 55 3E F6 BF 00 00 30 80 65 01
2026-07-05 16:58:32.286,CAN1,003,FD,10,73 09 00 DC BC BB 55 3E ED BF 00 00 30 8C 65 01
2026-07-05 16:58:32.286,CAN1,003,FD,10,73 09 00 DD BC BB 55 3E FD BF 00 00 30 F0 65 01
2026-07-05 16:58:32.287,CAN1,003,FD,10,73 09 00 DE BC BB 55 3E F9 BF 00 00 30 EF 65 00
2026-07-05 16:58:32.287,CAN1,003,FD,10,73 09 00 DF BC BB 55 3E F6 BF 00 00 30 80 65 00
2026-07-05 16:58:32.288,CAN1,003,FD,10,73 09 00 E0 BC BB 55 3E F5 BF 00 00 30 CE 65 01
2026-07-05 16:58:32.432,CAN1,003,FD,10,73 09 00 E1 BC BB 55 3E E4 BF 00 00 30 7F 65 01
2026-07-05 16:58:32.656,CAN1,003,FD,10,73 09 00 E2 BC BB 55 3E EF BF 00 00 30 0F 65 01
2026-07-05 16:58:32.880,CAN1,003,FD,10,73 09 00 E3 BC BB 55 3E E7 BF 00 00 30 31 65 01
2026-07-05 16:58:33.106,CAN1,003,FD,10,73 09 00 E4 BC BB 55 3E F0 BF 00 00 30 1C 65 01
2026-07-05 16:58:33.330,CAN1,003,FD,10,73 09 00 E5 BC BB 55 3E FC BF 00 00 30 3D 65 01
2026-07-05 16:58:33.555,CAN1,003,FD,10,73 09 00 E6 BC BB 55 3E F3 BF 00 00 30 52 65 01
2026-07-05 16:58:41.946,CAN1,003,FD,10,73 09 00 E7 BC BB 55 3E F7 BF 00 00 30 4D 65 01
2026-07-05 16:58:41.947,CAN1,003,FD,10,73 09 00 E8 BC BB 55 3E E3 BF 00 00 30 2E 65 01
2026-07-05 16:58:41.948,CAN1,003,FD,10,73 09 00 E9 BC BB 55 3E F7 BF 00 00 30 4D 65 01
2026-07-05 16:58:41.948,CAN1,003,FD,10,73 09 00 EA BC BB 55 3E F9 BF 00 00 30 EF 65 00
2026-07-05 16:58:41.949,CAN1,003,FD,10,73 09 00 EB BC BB 55 3E F8 BF 00 00 30 22 65 01
2026-07-05 16:58:41.950,CAN1,003,FD,10,73 09 00 EC BC BB 55 3E EC BF 00 00 30 41 65 01
2026-07-05 16:58:42.095,CAN1,003,FD,10,73 09 00 ED BC BB 55 3E F2 BF 00 00 30 9F 65 01
2026-07-05 16:58:42.319,CAN1,003,FD,10,73 09 00 EE BC BB 55 3E F8 BF 00 00 30 22 65 01
2026-07-05 16:58:42.544,CAN1,003,FD,10,73 09 00 EF BC BB 55 3E FD BF 00 00 30 F0 65 01
2026-07-05 16:58:42.768,CAN1,003,FD,10,73 09 00 F0 BC BB 55 3E FB BF 00 00 30 6C 65 01
2026-07-05 17:04:00.182,CAN1,003,FD,10,73 09 00 F1 BC BB 55 3E 08 C0 00 00 30 B6 65 01
2026-07-05 17:04:00.183,CAN1,003,FD,10,73 09 00 F2 BC BB 55 3E F9 BF 00 00 30 EF 65 01
2026-07-05 17:04:00.183,CAN1,003,FD,10,73 09 00 F3 BC BB 55 3E F3 BF 00 00 30 52 65 01
2026-07-05 17:04:00.185,CAN1,003,FD,10,73 09 00 F4 BC BB 55 3E F8 BF 00 00 30 22 65 00
2026-07-05 17:04:00.186,CAN1,003,FD,10,73 09 00 F5 BC BB 55 3E F9 BF 00 00 30 EF 65 00
2026-07-05 17:04:00.187,CAN1,003,FD,10,73 09 00 F6 BC BB 55 3E F6 BF 00 00 30 80 65 01
2026-07-05 17:04:00.298,CAN1,003,FD,10,73 09 00 F7 BC BB 55 3E AC BF 00 00 30 A8 65 01
2026-07-05 17:04:00.523,CAN1,003,FD,10,73 09 00 F8 BC BB 55 3E 8B BF 00 00 30 01 65 01
2026-07-05 17:04:00.747,CAN1,003,FD,10,73 09 00 F9 BC BB 55 3E 9A BF 00 00 30 B0 65 01
2026-07-05 17:04:00.971,CAN1,003,FD,10,73 09 00 FA BC BB 55 3E 9D BF 00 00 30 E1 65 01
2026-07-05 17:04:01.197,CAN1,003,FD,10,73 09 00 FB BC BB 55 3E 8C BF 00 00 30 50 65 01
2026-07-05 17:04:01.421,CAN1,003,FD,10,73 09 00 FC BC BB 55 3E 81 BF 00 00 30 BC 65 01
2026-07-05 17:04:06.295,CAN1,003,FD,10,73 09 00 FD BC BB 55 3E 92 BF 00 00 30 8E 65 01
2026-07-05 17:04:06.295,CAN1,003,FD,10,73 09 00 FE BC BB 55 3E 8F BF 00 00 30 1E 65 01
2026-07-05 17:04:06.296,CAN1,003,FD,10,73 09 00 FF BC BB 55 3E AF BF 00 00 30 E6 65 01
2026-07-05 17:04:06.297,CAN1,003,FD,10,73 09 00 00 BC BB 55 3E C4 BF 00 00 30 87 65 00
2026-07-05 17:04:06.298,CAN1,003,FD,10,73 09 00 01 BC BB 55 3E AB BF 00 00 30 F9 65 00
2026-07-05 17:04:06.299,CAN1,003,FD,10,73 09 00 02 BC BB 55 3E 8F BF 00 00 30 1E 65 01
2026-07-05 17:04:06.365,CAN1,003,FD,10,73 09 00 03 BC BB 55 3E 91 BF 00 00 30 C0 65 01
2026-07-05 17:04:06.589,CAN1,003,FD,10,73 09 00 04 BC BB 55 3E AD BF 00 00 30 65 65 01
2026-07-05 17:04:06.815,CAN1,003,FD,10,73 09 00 05 BC BB 55 3E BB BF 00 00 30 85 65 01
2026-07-05 17:04:06.901,TX,100,SFF,8,00 00 00 00 00 00 00 00
2026-07-05 17:04:07.039,CAN1,003,FD,10,73 09 00 06 BC BB 55 3E A3 BF 00 00 30 C7 65 01
2026-07-05 17:04:07.264,CAN1,003,FD,10,73 09 00 07 BC BB 55 3E B4 BF 00 00 30 EA 65 01
2026-07-05 17:04:07.327,TX,100,SFF,8,00 00 00 00 00 00 00 00
2026-07-05 17:04:07.488,CAN1,003,FD,10,73 09 00 08 BC BB 55 3E A2 BF 00 00 30 0A 65 01
2026-07-05 17:04:07.622,TX,100,SFF,8,00 00 00 00 00 00 00 00
2026-07-05 17:04:07.714,CAN1,003,FD,10,73 09 00 09 BC BB 55 3E A9 BF 00 00 30 7A 65 01
2026-07-05 17:04:07.921,TX,100,SFF,8,00 00 00 00 00 00 00 00
2026-07-05 17:04:07.938,CAN1,003,FD,10,73 09 00 0A BC BB 55 3E E2 BF 00 00 30 E3 65 01
2026-07-05 17:04:08.163,CAN1,003,FD,10,73 09 00 0B BC BB 55 3E CF BF 00 00 30 F7 65 01
2026-07-05 17:04:08.272,TX,100,SFF,8,00 00 00 00 00 00 00 00
2026-07-05 17:04:08.387,CAN1,003,FD,10,73 09 00 0C BC BB 55 3E D2 BF 00 00 30 67 65 01
2026-07-05 17:04:08.613,CAN1,003,FD,10,73 09 00 0D BC BB 55 3E DA BF 00 00 30 59 65 01
2026-07-05 17:04:08.837,CAN1,003,FD,10,73 09 00 0E BC BB 55 3E E0 BF 00 00 30 60 65 01
2026-07-05 17:07:00.538,CAN1,003,FD,10,73 09 00 0F BC BB 55 3E E4 BF 00 00 30 7F 65 01
2026-07-05 17:07:00.539,CAN1,003,FD,10,73 09 00 10 BC BB 55 3E C1 BF 00 00 30 55 65 01
2026-07-05 17:07:00.540,CAN1,003,FD,10,73 09 00 11 BC BB 55 3E CD BF 00 00 30 74 65 01
2026-07-05 17:07:00.541,CAN1,003,FD,10,73 09 00 12 BC BB 55 3E D4 BF 00 00 30 FB 65 00
2026-07-05 17:07:00.542,CAN1,003,FD,10,73 09 00 13 BC BB 55 3E C4 BF 00 00 30 87 65 00
2026-07-05 17:07:00.543,CAN1,003,FD,10,73 09 00 14 BC BB 55 3E C2 BF 00 00 30 1B 65 01
2026-07-05 17:07:00.544,CAN1,003,FD,10,73 09 00 15 BC BB 55 3E 92 BF 00 00 30 8E 65 01
2026-07-05 17:07:00.747,CAN1,003,FD,10,73 09 00 16 BC BB 55 3E 8C BF 00 00 30 50 65 01
2026-07-05 17:07:00.971,CAN1,003,FD,10,73 09 00 17 BC BB 55 3E 9E BF 00 00 30 AF 65 01
2026-07-05 17:07:01.197,CAN1,003,FD,10,73 09 00 18 BC BB 55 3E 9A BF 00 00 30 B0 65 01
2026-07-05 17:07:01.421,CAN1,003,FD,10,73 09 00 19 BC BB 55 3E 8C BF 00 00 30 50 65 01
2026-07-05 17:07:01.646,CAN1,003,FD,10,73 09 00 1A BC BB 55 3E 8A BF 00 00 30 CC 65 01
2026-07-05 17:07:15.903,TX,100,SFF,8,00 00 00 00 00 00 00 00
2026-07-05 17:07:16.212,TX,100,SFF,8,00 00 00 00 00 00 00 00
2026-07-05 17:07:16.436,TX,100,SFF,8,00 00 00 00 00 00 00 00
2026-07-05 17:07:16.646,TX,100,SFF,8,00 00 00 00 00 00 00 00
2026-07-05 17:07:16.953,TX,100,SFF,8,00 00 00 00 00 00 00 00
2026-07-05 17:13:00.587,TX,100,SFF,8,00 00 00 00 00 00 00 00
2026-07-05 17:13:01.275,TX,100,SFF,8,00 00 00 00 00 00 00 00
2026-07-05 17:13:01.943,TX,100,SFF,8,00 00 00 00 00 00 00 00
2026-07-05 17:13:02.498,TX,100,SFF,8,00 00 00 00 00 00 00 00
2026-07-05 17:18:08.166,TX,100,SFF,8,00 00 00 00 00 00 00 00
2026-07-05 17:18:08.833,TX,100,SFF,8,00 00 00 00 00 00 00 00
2026-07-05 17:18:09.300,TX,100,SFF,8,00 00 00 00 00 00 00 00
2026-07-05 17:18:15.878,CAN1,003,FD,10,73 09 00 1D BC BB 55 3E BB BF 00 00 30 85 65 01
2026-07-05 17:18:15.880,CAN1,003,FD,10,73 09 00 1E BC BB 55 3E D1 BF 00 00 30 29 65 00
2026-07-05 17:18:15.881,CAN1,003,FD,10,73 09 00 1F BC BB 55 3E C6 BF 00 00 30 04 65 00
2026-07-05 17:18:15.882,CAN1,003,FD,10,73 09 00 20 BC BB 55 3E 9B BF 00 00 30 7D 65 01
2026-07-05 17:18:16.030,CAN1,003,FD,10,73 09 00 21 BC BB 55 3E F2 BF 00 00 30 9F 65 01
2026-07-05 17:18:16.255,CAN1,003,FD,10,73 09 00 22 BC BB 55 3E EF BF 00 00 30 0F 65 01
2026-07-05 17:18:16.479,CAN1,003,FD,10,73 09 00 23 BC BB 55 3E F7 BF 00 00 30 4D 65 01
2026-07-05 17:18:16.705,CAN1,003,FD,10,73 09 00 24 BC BB 55 3E E6 BF 00 00 30 FC 65 01
2026-07-05 17:18:16.929,CAN1,003,FD,10,73 09 00 25 BC BB 55 3E E6 BF 00 00 30 FC 65 01
2026-07-05 17:18:17.153,CAN1,003,FD,10,73 09 00 26 BC BB 55 3E F9 BF 00 00 30 EF 65 01
2026-07-05 17:18:17.378,CAN1,003,FD,10,73 09 00 27 BC BB 55 3E F9 BF 00 00 30 EF 65 01
2026-07-05 17:18:17.603,CAN1,003,FD,10,73 09 00 28 BC BB 55 3E FB BF 00 00 30 6C 65 01
2026-07-05 17:18:17.828,CAN1,003,FD,10,73 09 00 29 BC BB 55 3E ED BF 00 00 30 8C 65 01
2026-07-05 17:18:18.052,CAN1,003,FD,10,73 09 00 2A BC BB 55 3E E2 BF 00 00 30 E3 65 01
2026-07-05 17:18:18.277,CAN1,003,FD,10,73 09 00 2B BC BB 55 3E FA BF 00 00 30 A1 65 01
2026-07-05 17:18:18.502,CAN1,003,FD,10,73 09 00 2C BC BB 55 3E F6 BF 00 00 30 80 65 01
